id,paramName,date,vote0,vote1,vote2,vote3,vote4,dayNumberOfYear,moonPhase,meanValue,quality
1,fishingToday,2017-05-01,2,2,5,0,0,121,0,2.3333333333333335,1
2,fishingToday,2017-05-02,29,7,12,0,0,122,0,1.6458333333333333,0
3,fishingToday,2017-05-03,2,0,1,0,0,123,1,1.6666666666666667,0
4,fishingToday,2017-05-04,1,0,1,0,0,124,1,2.0,1
5,fishingToday,2017-05-07,0,0,1,0,0,127,1,3.0,1
6,fishingToday,2017-05-09,4,0,0,0,0,129,1,1.0,0
7,fishingToday,2017-05-10,0,0,2,0,0,130,2,3.0,1
8,fishingToday,2017-05-11,3,1,1,0,0,131,2,1.6,0
9,fishingToday,2017-05-12,0,1,3,0,0,132,2,2.75,1
10,fishingToday,2017-05-13,1,2,1,0,0,133,2,2.0,1
11,fishingToday,2017-05-14,9,3,0,0,0,134,2,1.25,0
12,fishingToday,2017-05-15,0,1,0,0,0,135,2,2.0,1
13,fishingToday,2017-05-16,1,2,0,0,0,136,2,1.6666666666666667,0
14,fishingToday,2017-05-17,1,2,4,0,0,137,2,2.4285714285714284,1
15,fishingToday,2017-05-18,3,1,0,0,0,138,3,1.25,0
16,fishingToday,2017-05-19,1,0,0,0,0,139,3,1.0,0
17,fishingToday,2017-05-20,1,0,0,0,0,140,3,1.0,0
18,fishingToday,2017-05-21,1,1,1,0,0,141,3,2.0,1
19,fishingToday,2017-05-22,1,0,0,0,0,142,3,1.0,0
20,fishingToday,2017-05-23,0,1,0,0,0,143,3,2.0,1
21,fishingToday,2017-05-26,0,2,0,0,0,146,0,2.0,1
22,fishingToday,2017-05-27,0,1,0,0,0,147,0,2.0,1
23,fishingToday,2017-05-28,3,1,0,0,0,148,0,1.25,0
24,fishingToday,2017-05-29,0,1,0,0,0,149,0,2.0,1
25,fishingToday,2017-06-01,0,1,0,0,0,152,1,2.0,1
26,fishingToday,2017-06-03,0,0,2,0,0,154,1,3.0,1
27,fishingToday,2017-06-04,0,2,0,0,0,155,1,2.0,1
28,fishingToday,2017-06-05,1,0,0,0,0,156,1,1.0,0
29,fishingToday,2017-06-06,0,1,0,0,0,157,1,2.0,1
30,fishingToday,2017-06-08,0,3,0,0,0,159,1,2.0,1
31,fishingToday,2017-06-10,0,0,3,0,0,161,2,3.0,1
32,fishingToday,2017-06-11,0,0,1,0,0,162,2,3.0,1
33,fishingToday,2017-06-13,0,1,0,0,0,164,2,2.0,1
34,fishingToday,2017-06-14,0,0,1,0,0,165,2,3.0,1
35,fishingToday,2017-06-15,1,3,0,0,0,166,2,1.75,0
36,fishingToday,2017-06-17,1,2,0,0,0,168,3,1.6666666666666667,0
37,fishingToday,2017-06-23,2,0,0,0,0,174,0,1.0,0
38,fishingToday,2017-06-25,1,0,1,0,0,176,0,2.0,1
39,fishingToday,2017-06-26,0,1,0,0,0,177,0,2.0,1
40,fishingToday,2017-06-28,1,0,0,0,0,179,0,1.0,0
41,fishingToday,2017-07-02,0,0,1,0,0,183,1,3.0,1
42,fishingToday,2017-07-04,1,0,0,0,0,185,1,1.0,0
43,fishingToday,2017-07-05,8,0,0,0,0,186,1,1.0,0
44,fishingToday,2017-07-05,8,0,0,0,0,186,1,1.0,0
45,fishingToday,2017-07-06,1,0,0,0,0,187,1,1.0,0
46,fishingToday,2017-07-08,2,0,0,0,0,189,2,1.0,0
47,fishingToday,2017-07-09,0,0,1,0,0,190,2,3.0,1
48,fishingToday,2017-07-12,1,0,0,0,0,193,2,1.0,0
49,fishingToday,2017-07-14,0,1,2,0,0,195,2,2.6666666666666665,1
50,fishingToday,2017-07-15,1,0,1,0,0,196,2,2.0,1
51,fishingToday,2017-07-16,0,2,3,0,0,197,3,2.6,1
52,fishingToday,2017-07-17,0,0,2,0,0,198,3,3.0,1
53,fishingToday,2017-07-18,0,0,3,0,0,199,3,3.0,1
54,fishingToday,2017-07-19,0,0,1,0,0,200,3,3.0,1
55,fishingToday,2017-07-20,0,2,0,0,0,201,3,2.0,1
56,fishingToday,2017-07-21,1,0,0,0,0,202,3,1.0,0
57,fishingToday,2017-07-22,2,0,1,0,0,203,0,1.6666666666666667,0
58,fishingToday,2017-07-23,0,1,2,0,0,204,0,2.6666666666666665,1
59,fishingToday,2017-07-24,1,0,0,0,0,205,0,1.0,0
60,fishingToday,2017-07-30,0,1,1,0,0,211,1,2.5,1
61,fishingToday,2017-08-01,0,2,2,0,0,213,1,2.5,1
62,fishingToday,2017-08-02,1,0,1,0,0,214,1,2.0,1
63,fishingToday,2017-08-04,0,0,1,0,0,216,1,3.0,1
64,fishingToday,2017-08-06,0,1,0,0,0,218,1,2.0,1
65,fishingToday,2017-08-07,1,0,0,0,0,219,2,1.0,0
66,fishingToday,2017-08-08,0,0,1,0,0,220,2,3.0,1
67,fishingToday,2017-08-14,1,0,0,0,0,226,3,1.0,0
68,fishingToday,2017-08-17,2,1,0,0,0,229,3,1.3333333333333333,0
69,fishingToday,2017-08-18,0,1,0,0,0,230,3,2.0,1
70,fishingToday,2017-08-19,1,0,1,0,0,231,3,2.0,1
71,fishingToday,2017-08-21,1,2,1,0,0,233,0,2.0,1
72,fishingToday,2017-08-22,2,0,1,0,0,234,0,1.6666666666666667,0
73,fishingToday,2017-08-23,0,0,1,0,0,235,0,3.0,1
74,fishingToday,2017-08-26,0,1,0,0,0,238,0,2.0,1
75,fishingToday,2017-08-28,0,0,1,0,0,240,0,3.0,1
76,fishingToday,2017-09-01,0,1,0,0,0,244,1,2.0,1
77,fishingToday,2017-09-03,2,0,1,0,0,246,1,1.6666666666666667,0
78,fishingToday,2017-09-04,0,0,1,0,0,247,1,3.0,1
79,fishingToday,2017-09-05,0,0,1,0,0,248,1,3.0,1
80,fishingToday,2017-09-06,0,0,1,0,0,249,2,3.0,1
81,fishingToday,2017-09-07,0,0,1,0,0,250,2,3.0,1
82,fishingToday,2017-09-08,1,0,0,0,0,251,2,1.0,0
83,fishingToday,2017-09-09,1,0,1,0,0,252,2,2.0,1
84,fishingToday,2017-09-10,1,0,3,0,0,253,2,2.5,1
85,fishingToday,2017-09-19,1,0,0,0,0,262,0,1.0,0
86,fishingToday,2017-09-21,0,0,1,0,0,264,0,3.0,1
87,fishingToday,2017-09-23,0,0,1,0,0,266,0,3.0,1
88,fishingToday,2017-09-25,0,1,0,0,0,268,0,2.0,1
89,fishingToday,2017-09-27,0,0,1,0,0,270,0,3.0,1
90,fishingToday,2017-09-28,0,0,1,0,0,271,1,3.0,1
91,fishingToday,2017-09-29,1,0,1,0,0,272,1,2.0,1
92,fishingToday,2017-09-30,0,2,0,0,0,273,1,2.0,1
93,fishingToday,2017-10-01,2,0,0,0,0,274,1,1.0,0
94,fishingToday,2017-10-02,0,1,0,0,0,275,1,2.0,1
95,fishingToday,2017-10-03,0,1,0,0,0,276,1,2.0,1
96,fishingToday,2017-10-06,0,0,1,0,0,279,2,3.0,1
97,fishingToday,2017-10-07,2,0,1,0,0,280,2,1.6666666666666667,0
98,fishingToday,2017-10-08,0,1,0,0,0,281,2,2.0,1
99,fishingToday,2017-10-17,0,0,1,0,0,290,3,3.0,1
100,fishingToday,2017-10-18,0,1,0,0,0,291,0,2.0,1
101,fishingToday,2017-10-22,0,0,3,0,0,295,0,3.0,1
102,fishingToday,2017-10-26,0,3,0,0,0,299,0,2.0,1
103,fishingToday,2017-10-27,0,1,1,0,0,300,1,2.5,1
104,fishingToday,2017-11-01,1,0,0,0,0,305,1,1.0,0
105,fishingToday,2017-11-02,0,1,0,0,0,306,1,2.0,1
106,fishingToday,2017-11-03,0,1,0,0,0,307,1,2.0,1
107,fishingToday,2017-11-04,1,0,1,0,0,308,2,2.0,1
108,fishingToday,2017-11-06,1,0,0,0,0,310,2,1.0,0
109,fishingToday,2017-11-08,0,0,1,0,0,312,2,3.0,1
110,fishingToday,2017-11-09,0,1,1,0,0,313,2,2.5,1
111,fishingToday,2017-11-13,1,1,0,0,0,317,3,1.5,0
112,fishingToday,2017-11-14,1,0,0,0,0,318,3,1.0,0
113,fishingToday,2017-11-15,0,1,1,0,0,319,3,2.5,1
114,fishingToday,2017-11-18,1,0,1,0,0,322,0,2.0,1
115,fishingToday,2017-11-19,4,4,3,0,0,323,0,1.9090909090909092,0
116,fishingToday,2017-11-20,0,0,1,0,0,324,0,3.0,1
117,fishingToday,2017-11-22,0,0,2,0,0,326,0,3.0,1
118,fishingToday,2017-11-24,0,0,1,0,0,328,0,3.0,1
119,fishingToday,2017-11-25,0,1,0,0,0,329,0,2.0,1
120,fishingToday,2017-11-26,0,1,1,0,0,330,1,2.5,1
121,fishingToday,2017-11-27,0,3,0,0,0,331,1,2.0,1
122,fishingToday,2017-12-02,0,2,1,0,0,336,1,2.3333333333333335,1
123,fishingToday,2017-12-05,0,1,0,0,0,339,2,2.0,1
124,fishingToday,2017-12-07,0,0,1,0,0,341,2,3.0,1
125,fishingToday,2017-12-08,1,0,0,0,0,342,2,1.0,0
126,fishingToday,2017-12-09,0,1,1,0,0,343,3,2.5,1
127,fishingToday,2017-12-11,0,1,0,0,0,345,3,2.0,1
128,fishingToday,2017-12-12,0,0,1,0,0,346,3,3.0,1
129,fishingToday,2017-12-13,0,1,0,0,0,347,3,2.0,1
130,fishingToday,2017-12-14,1,0,2,0,0,348,3,2.3333333333333335,1
131,fishingToday,2017-12-15,1,0,0,0,0,349,3,1.0,0
132,fishingToday,2017-12-17,1,0,1,0,0,351,0,2.0,1
133,fishingToday,2017-12-17,1,0,1,0,0,351,0,2.0,1
134,fishingToday,2017-12-18,0,1,0,0,0,352,0,2.0,1
135,fishingToday,2017-12-21,0,0,1,0,0,355,0,3.0,1
136,fishingToday,2017-12-22,0,1,2,0,0,356,0,2.6666666666666665,1
137,fishingToday,2017-12-24,0,0,1,0,0,358,0,3.0,1
138,fishingToday,2017-12-25,1,0,0,0,0,359,0,1.0,0
139,fishingToday,2018-01-02,0,0,1,0,0,2,2,3.0,1
140,fishingToday,2018-01-03,1,0,0,0,0,3,2,1.0,0
141,fishingToday,2018-01-04,1,6,0,0,0,4,2,1.8571428571428572,0
142,fishingToday,2018-01-06,6,0,0,0,0,6,2,1.0,0
143,fishingToday,2018-01-07,0,1,3,0,0,7,2,2.75,1
144,fishingToday,2018-01-08,0,1,0,0,0,8,3,2.0,1
145,fishingToday,2018-01-10,0,0,1,0,0,10,3,3.0,1
146,fishingToday,2018-01-11,1,0,0,0,0,11,3,1.0,0
147,fishingToday,2018-01-15,0,1,0,0,0,15,0,2.0,1
148,fishingToday,2018-01-16,0,1,0,0,0,16,0,2.0,1
149,fishingToday,2018-01-18,0,0,1,0,0,18,0,3.0,1
150,fishingToday,2018-01-19,1,0,0,0,0,19,0,1.0,0
151,fishingToday,2018-01-20,0,0,1,0,0,20,0,3.0,1
152,fishingToday,2018-01-21,0,0,1,0,0,21,0,3.0,1
153,fishingToday,2018-01-27,0,1,4,0,0,27,1,2.8,1
154,fishingToday,2018-01-29,0,0,1,0,0,29,1,3.0,1
155,fishingToday,2018-01-30,1,2,1,0,0,30,1,2.0,1
156,fishingToday,2018-01-31,0,1,0,0,0,31,2,2.0,1
157,fishingToday,2018-02-01,0,0,1,0,0,32,2,3.0,1
158,fishingToday,2018-02-02,1,0,1,0,0,33,2,2.0,1
159,fishingToday,2018-02-05,0,0,1,0,0,36,2,3.0,1
160,fishingToday,2018-02-06,1,3,0,0,0,37,3,1.75,0
161,fishingToday,2018-02-08,0,1,1,0,0,39,3,2.5,1
162,fishingToday,2018-02-09,0,1,0,0,0,40,3,2.0,1
163,fishingToday,2018-02-11,0,0,2,0,0,42,3,3.0,1
164,fishingToday,2018-02-15,1,0,0,0,0,46,0,1.0,0
165,fishingToday,2018-02-16,0,2,3,0,0,47,0,2.6,1
166,fishingToday,2018-02-19,0,1,1,0,0,50,0,2.5,1
167,fishingToday,2018-02-22,1,1,1,0,0,53,0,2.0,1
168,fishingToday,2018-02-25,0,1,0,0,0,56,1,2.0,1
169,fishingToday,2018-02-26,0,1,1,0,0,57,1,2.5,1
170,fishingToday,2018-02-27,1,3,1,0,0,58,1,2.0,1
171,fishingToday,2018-03-02,1,1,0,0,0,61,2,1.5,0
172,fishingToday,2018-03-03,0,0,1,0,0,62,2,3.0,1
173,fishingToday,2018-03-04,0,0,2,0,0,63,2,3.0,1
174,fishingToday,2018-03-06,0,1,3,0,0,65,2,2.75,1
175,fishingToday,2018-03-07,0,2,0,0,0,66,2,2.0,1
176,fishingToday,2018-03-09,0,1,0,0,0,68,3,2.0,1
177,fishingToday,2018-03-10,0,1,2,0,0,69,3,2.6666666666666665,1
178,fishingToday,2018-03-11,0,1,0,0,0,70,3,2.0,1
179,fishingToday,2018-03-12,0,1,0,0,0,71,3,2.0,1
180,fishingToday,2018-03-13,1,0,0,0,0,72,3,1.0,0
181,fishingToday,2018-03-18,0,0,2,0,0,77,0,3.0,1
182,fishingToday,2018-03-19,2,1,0,0,0,78,0,1.3333333333333333,0
183,fishingToday,2018-03-20,1,0,0,0,0,79,0,1.0,0
184,fishingToday,2018-03-21,0,1,0,0,0,80,0,2.0,1
185,fishingToday,2018-03-22,2,1,0,0,0,81,0,1.3333333333333333,0
186,fishingToday,2018-03-24,1,0,0,0,0,83,1,1.0,0
187,fishingToday,2018-03-26,0,1,2,0,0,85,1,2.6666666666666665,1
188,fishingToday,2018-03-28,0,0,1,0,0,87,1,3.0,1
189,fishingToday,2018-03-29,0,1,0,0,0,88,1,2.0,1
190,fishingToday,2018-03-31,1,2,0,0,0,90,2,1.6666666666666667,0
191,fishingToday,2018-04-01,0,0,1,0,0,91,2,3.0,1
192,fishingToday,2018-04-05,0,0,1,0,0,95,2,3.0,1
193,fishingToday,2018-04-06,0,0,1,0,0,96,2,3.0,1
194,fishingToday,2018-04-07,0,1,0,0,0,97,3,2.0,1
195,fishingToday,2018-04-08,0,2,0,0,0,98,3,2.0,1
196,fishingToday,2018-04-11,0,1,0,0,0,101,3,2.0,1
197,fishingToday,2018-04-11,0,1,0,0,0,101,3,2.0,1
198,fishingToday,2018-04-12,0,3,1,0,0,102,3,2.25,1
199,fishingToday,2018-04-13,1,0,1,0,0,103,3,2.0,1
200,fishingToday,2018-04-15,0,2,0,0,0,105,0,2.0,1
201,fishingToday,2018-04-16,0,1,0,0,0,106,0,2.0,1
202,fishingToday,2018-04-17,1,2,0,0,0,107,0,1.6666666666666667,0
203,fishingToday,2018-04-18,1,0,0,0,0,108,0,1.0,0
204,fishingToday,2018-04-19,0,1,0,0,0,109,0,2.0,1
205,fishingToday,2018-04-20,1,0,0,0,0,110,0,1.0,0
206,fishingToday,2018-04-21,1,3,7,0,0,111,0,2.5454545454545454,1
207,fishingToday,2018-04-22,1,0,1,0,0,112,0,2.0,1
208,fishingToday,2018-04-23,0,1,0,0,0,113,1,2.0,1
209,fishingToday,2018-04-25,0,0,1,0,0,115,1,3.0,1
210,fishingToday,2018-04-26,0,1,2,0,0,116,1,2.6666666666666665,1
211,fishingToday,2018-04-27,0,2,3,0,0,117,1,2.6,1
212,fishingToday,2018-04-28,0,1,0,0,0,118,1,2.0,1
213,fishingToday,2018-04-29,0,0,1,0,0,119,2,3.0,1
214,fishingToday,2018-04-30,1,2,0,0,0,120,2,1.6666666666666667,0
215,fishingToday,2018-05-01,0,0,1,0,0,121,2,3.0,1
216,fishingToday,2018-05-02,0,1,0,0,0,122,2,2.0,1
217,fishingToday,2018-05-03,0,0,3,0,0,123,2,3.0,1
218,fishingToday,2018-05-04,2,2,1,0,0,124,2,1.8,0
219,fishingToday,2018-05-05,1,2,4,0,0,125,2,2.4285714285714284,1
220,fishingToday,2018-05-06,3,1,4,0,0,126,2,2.125,1
221,fishingToday,2018-05-07,1,1,1,0,0,127,3,2.0,1
222,fishingToday,2018-05-08,0,0,1,0,0,128,3,3.0,1
223,fishingToday,2018-05-09,0,0,1,0,0,129,3,3.0,1
224,fishingToday,2018-05-10,0,1,1,0,0,130,3,2.5,1
225,fishingToday,2018-05-11,0,1,1,0,0,131,3,2.5,1
226,fishingToday,2018-05-12,1,0,1,0,0,132,3,2.0,1
227,fishingToday,2018-05-13,0,1,0,0,0,133,3,2.0,1
228,fishingToday,2018-05-14,0,1,1,0,0,134,0,2.5,1
229,fishingToday,2018-05-15,2,0,0,0,0,135,0,1.0,0
230,fishingToday,2018-05-18,0,1,2,0,0,138,0,2.6666666666666665,1
231,fishingToday,2018-05-19,2,2,1,0,0,139,0,1.8,0
232,fishingToday,2018-05-20,1,0,0,0,0,140,0,1.0,0
233,fishingToday,2018-05-22,0,1,0,0,0,142,1,2.0,1
234,fishingToday,2018-05-23,0,1,1,0,0,143,1,2.5,1
235,fishingToday,2018-05-24,0,1,1,0,0,144,1,2.5,1
236,fishingToday,2018-05-25,1,2,2,0,0,145,1,2.2,1
237,fishingToday,2018-05-27,1,0,3,0,0,147,1,2.5,1
238,fishingToday,2018-05-28,2,2,3,0,0,148,1,2.142857142857143,1
239,fishingToday,2018-05-29,3,0,1,0,0,149,2,1.5,0
240,fishingToday,2018-05-30,0,0,1,0,0,150,2,3.0,1
241,fishingToday,2018-05-31,2,1,0,0,0,151,2,1.3333333333333333,0
242,fishingToday,2018-06-01,1,0,2,0,0,152,2,2.3333333333333335,1
243,fishingToday,2018-06-02,0,1,0,0,0,153,2,2.0,1
244,fishingToday,2018-06-03,0,0,2,0,0,154,2,3.0,1
245,fishingToday,2018-06-04,0,0,2,0,0,155,2,3.0,1
246,fishingToday,2018-06-05,1,1,2,0,0,156,3,2.25,1
247,fishingToday,2018-06-07,0,0,1,0,0,158,3,3.0,1
248,fishingToday,2018-06-08,1,1,2,0,0,159,3,2.25,1
249,fishingToday,2018-06-09,0,3,3,0,0,160,3,2.5,1
250,fishingToday,2018-06-10,0,2,0,0,0,161,3,2.0,1
251,fishingToday,2018-06-11,1,0,0,0,0,162,3,1.0,0
252,fishingToday,2018-06-12,1,0,1,0,0,163,0,2.0,1
253,fishingToday,2018-06-13,0,1,1,0,0,164,0,2.5,1
254,fishingToday,2018-06-14,1,0,0,0,0,165,0,1.0,0
255,fishingToday,2018-06-15,1,1,1,0,0,166,0,2.0,1
256,fishingToday,2018-06-16,0,1,0,0,0,167,0,2.0,1
257,fishingToday,2018-06-17,0,2,2,0,0,168,0,2.5,1
258,fishingToday,2018-06-18,0,1,0,0,0,169,0,2.0,1
259,fishingToday,2018-06-19,1,2,2,0,0,170,0,2.2,1
260,fishingToday,2018-06-20,1,0,0,0,0,171,1,1.0,0
261,fishingToday,2018-06-21,1,2,1,0,0,172,1,2.0,1
262,fishingToday,2018-06-22,2,1,3,0,0,173,1,2.1666666666666665,1
263,fishingToday,2018-06-23,2,1,0,0,0,174,1,1.3333333333333333,0
264,fishingToday,2018-06-24,1,1,2,0,0,175,1,2.25,1
265,fishingToday,2018-06-25,1,0,2,0,0,176,1,2.3333333333333335,1
266,fishingToday,2018-06-26,2,0,0,0,0,177,1,1.0,0
267,fishingToday,2018-06-27,0,1,0,0,0,178,2,2.0,1
268,fishingToday,2018-06-28,1,0,1,0,0,179,2,2.0,1
269,fishingToday,2018-06-29,1,1,1,0,0,180,2,2.0,1
270,fishingToday,2018-06-30,1,3,4,0,0,181,2,2.375,1
271,fishingToday,2018-07-01,3,0,1,0,0,182,2,1.5,0
272,fishingToday,2018-07-02,1,3,0,0,0,183,2,1.75,0
273,fishingToday,2018-07-04,1,0,0,0,0,185,2,1.0,0
274,fishingToday,2018-07-05,1,0,0,0,0,186,3,1.0,0
275,fishingToday,2018-07-06,0,0,1,0,0,187,3,3.0,1
276,fishingToday,2018-07-07,2,1,0,0,0,188,3,1.3333333333333333,0
277,fishingToday,2018-07-08,2,0,1,0,0,189,3,1.6666666666666667,0
278,fishingToday,2018-07-09,1,2,1,0,0,190,3,2.0,1
279,fishingToday,2018-07-10,1,1,2,0,0,191,3,2.25,1
280,fishingToday,2018-07-11,0,0,1,0,0,192,3,3.0,1
281,fishingToday,2018-07-12,1,0,0,0,0,193,0,1.0,0
282,fishingToday,2018-07-15,0,1,0,0,0,196,0,2.0,1
283,fishingToday,2018-07-16,1,0,0,0,0,197,0,1.0,0
284,fishingToday,2018-07-17,1,0,1,0,0,198,0,2.0,1
285,fishingToday,2018-07-20,0,1,0,0,0,201,1,2.0,1
286,fishingToday,2018-07-22,1,1,1,0,0,203,1,2.0,1
294,fishingToday,2018-07-31,0,1,0,0,0,212,2,2.0,1
295,fishingToday,2018-08-01,0,1,2,0,0,213,2,2.6666666666666665,1
296,fishingToday,2018-08-02,0,1,1,0,0,214,2,2.5,1
297,fishingToday,2018-08-03,2,2,0,0,0,215,2,1.5,0
298,fishingToday,2018-08-04,0,0,1,0,0,216,3,3.0,1
299,fishingToday,2018-08-05,0,1,0,0,0,217,3,2.0,1
300,fishingToday,2018-08-06,1,0,2,0,0,218,3,2.3333333333333335,1
301,fishingToday,2018-08-07,0,0,1,0,0,219,3,3.0,1
302,fishingToday,2018-08-08,0,0,1,0,0,220,3,3.0,1
303,fishingToday,2018-08-10,0,0,1,0,0,222,0,3.0,1
304,fishingToday,2018-08-11,0,2,0,0,0,223,0,2.0,1
305,fishingToday,2018-08-12,2,1,0,0,0,224,0,1.3333333333333333,0
306,fishingToday,2018-08-13,2,0,0,0,0,225,0,1.0,0
307,fishingToday,2018-08-17,0,1,2,0,0,229,0,2.6666666666666665,1
308,fishingToday,2018-08-18,0,0,1,0,0,230,1,3.0,1
309,fishingToday,2018-08-19,0,0,3,0,0,231,1,3.0,1
310,fishingToday,2018-08-21,0,0,1,0,0,233,1,3.0,1
311,fishingToday,2018-08-22,2,1,0,0,0,234,1,1.3333333333333333,0
312,fishingToday,2018-08-23,2,0,0,0,0,235,1,1.0,0
313,fishingToday,2018-08-24,0,1,0,0,0,236,1,2.0,1
314,fishingToday,2018-08-25,2,0,1,0,0,237,1,1.6666666666666667,0
315,fishingToday,2018-08-26,0,1,1,0,0,238,2,2.5,1
316,fishingToday,2018-08-27,0,1,1,0,0,239,2,2.5,1
317,fishingToday,2018-08-28,0,0,1,0,0,240,2,3.0,1
318,fishingToday,2018-08-29,0,0,1,0,0,241,2,3.0,1
319,fishingToday,2018-08-30,0,0,1,0,0,242,2,3.0,1
320,fishingToday,2018-08-31,0,1,0,0,0,243,2,2.0,1
321,fishingToday,2018-09-01,0,1,1,0,0,244,2,2.5,1
322,fishingToday,2018-09-02,0,1,0,0,0,245,3,2.0,1
323,fishingToday,2018-09-03,0,0,1,0,0,246,3,3.0,1
324,fishingToday,2018-09-04,0,0,1,0,0,247,3,3.0,1
325,fishingToday,2018-09-05,0,0,1,0,0,248,3,3.0,1
326,fishingToday,2018-09-06,1,1,0,0,0,249,3,1.5,0
327,fishingToday,2018-09-07,0,2,2,0,0,250,3,2.5,1
328,fishingToday,2018-09-08,0,1,0,0,0,251,0,2.0,1
329,fishingToday,2018-09-09,4,1,1,0,0,252,0,1.5,0
330,fishingToday,2018-09-10,0,1,0,0,0,253,0,2.0,1
331,fishingToday,2018-09-11,1,0,1,0,0,254,0,2.0,1
332,fishingToday,2018-09-12,0,0,1,0,0,255,0,3.0,1
333,fishingToday,2018-09-13,0,0,1,0,0,256,0,3.0,1
334,fishingToday,2018-09-14,0,1,1,0,0,257,0,2.5,1
335,fishingToday,2018-09-16,3,0,0,0,0,259,1,1.0,0
336,fishingToday,2018-09-17,0,1,1,0,0,260,1,2.5,1
337,fishingToday,2018-09-18,1,3,1,0,0,261,1,2.0,1
338,fishingToday,2018-09-19,2,0,0,0,0,262,1,1.0,0
339,fishingToday,2018-09-20,5,0,2,0,0,263,1,1.5714285714285714,0
340,fishingToday,2018-09-22,2,3,0,0,0,265,1,1.6,0
341,fishingToday,2018-09-23,1,1,0,0,0,266,1,1.5,0
342,fishingToday,2018-09-24,1,0,0,0,0,267,2,1.0,0
343,fishingToday,2018-09-27,1,0,0,0,0,270,2,1.0,0
344,fishingToday,2018-09-28,0,1,1,0,0,271,2,2.5,1
345,fishingToday,2018-09-29,0,2,1,0,0,272,2,2.3333333333333335,1
346,fishingToday,2018-09-30,1,0,0,0,0,273,2,1.0,0
347,fishingToday,2018-10-01,1,1,0,0,0,274,3,1.5,0
348,fishingToday,2018-10-02,1,0,0,0,0,275,3,1.0,0
349,fishingToday,2018-10-03,1,3,2,0,0,276,3,2.1666666666666665,1
350,fishingToday,2018-10-05,0,1,0,0,0,278,3,2.0,1
351,fishingToday,2018-10-06,3,3,0,0,0,279,3,1.5,0
352,fishingToday,2018-10-07,0,0,1,0,0,280,3,3.0,1
353,fishingToday,2018-10-08,0,3,0,0,0,281,0,2.0,1
354,fishingToday,2018-10-09,1,1,0,0,0,282,0,1.5,0
355,fishingToday,2018-10-10,0,1,1,0,0,283,0,2.5,1
356,fishingToday,2018-10-11,0,0,2,0,0,284,0,3.0,1
357,fishingToday,2018-10-13,0,0,1,0,0,286,0,3.0,1
358,fishingToday,2018-10-14,0,0,1,0,0,287,0,3.0,1
359,fishingToday,2018-10-16,1,0,3,0,0,289,1,2.5,1
360,fishingToday,2018-10-17,1,1,0,0,0,290,1,1.5,0
361,fishingToday,2018-10-18,1,0,1,0,0,291,1,2.0,1
362,fishingToday,2018-10-19,0,0,1,0,0,292,1,3.0,1
363,fishingToday,2018-10-20,0,0,2,0,0,293,1,3.0,1
364,fishingToday,2018-10-21,0,0,1,0,0,294,1,3.0,1
365,fishingToday,2018-10-22,0,1,1,0,0,295,1,2.5,1
366,fishingToday,2018-10-25,1,1,0,0,0,298,2,1.5,0
367,fishingToday,2018-10-26,1,1,0,0,0,299,2,1.5,0
368,fishingToday,2018-10-27,1,0,0,0,0,300,2,1.0,0
369,fishingToday,2018-10-28,2,1,0,0,0,301,2,1.3333333333333333,0
370,fishingToday,2018-10-29,1,2,0,0,0,302,2,1.6666666666666667,0
371,fishingToday,2018-11-01,0,0,1,0,0,305,3,3.0,1
372,fishingToday,2018-11-02,1,0,0,0,0,306,3,1.0,0
373,fishingToday,2018-11-03,0,1,1,0,0,307,3,2.5,1
374,fishingToday,2018-11-04,1,2,0,0,0,308,3,1.6666666666666667,0
375,fishingToday,2018-11-05,2,2,0,0,0,309,3,1.5,0
376,fishingToday,2018-11-07,0,1,0,0,0,311,0,2.0,1
377,fishingToday,2018-11-09,1,0,0,0,0,313,0,1.0,0
378,fishingToday,2018-11-14,0,1,0,0,0,318,0,2.0,1
379,fishingToday,2018-11-15,0,0,2,0,0,319,1,3.0,1
380,fishingToday,2018-11-17,0,1,0,0,0,321,1,2.0,1
381,fishingToday,2018-11-18,1,0,1,0,0,322,1,2.0,1
382,fishingToday,2018-11-20,2,2,1,0,0,324,1,1.8,0
383,fishingToday,2018-11-25,1,1,0,0,0,329,2,1.5,0
384,fishingToday,2018-11-27,1,0,0,0,0,331,2,1.0,0
385,fishingToday,2018-11-28,0,0,1,0,0,332,2,3.0,1
386,fishingToday,2018-12-01,0,2,3,0,0,335,3,2.6,1
387,fishingToday,2018-12-02,0,1,2,0,0,336,3,2.6666666666666665,1
388,fishingToday,2018-12-03,0,0,1,0,0,337,3,3.0,1
389,fishingToday,2018-12-04,0,0,1,0,0,338,3,3.0,1
390,fishingToday,2018-12-05,0,1,0,0,0,339,3,2.0,1
391,fishingToday,2018-12-06,1,1,0,0,0,340,0,1.5,0
392,fishingToday,2018-12-08,0,0,2,0,0,342,0,3.0,1
393,fishingToday,2018-12-09,1,1,0,0,0,343,0,1.5,0
394,fishingToday,2018-12-10,0,0,1,0,0,344,0,3.0,1
395,fishingToday,2018-12-12,0,0,1,0,0,346,0,3.0,1
396,fishingToday,2018-12-16,0,0,1,0,0,350,1,3.0,1
397,fishingToday,2018-12-17,0,0,1,0,0,351,1,3.0,1
398,fishingToday,2018-12-18,1,0,1,0,0,352,1,2.0,1
399,fishingToday,2018-12-19,0,2,0,0,0,353,1,2.0,1
400,fishingToday,2018-12-20,0,0,1,0,0,354,1,3.0,1
401,fishingToday,2018-12-23,0,0,1,0,0,357,2,3.0,1
402,fishingToday,2018-12-25,0,0,3,0,0,359,2,3.0,1
403,fishingToday,2018-12-27,1,0,0,0,0,361,2,1.0,0
404,fishingToday,2018-12-31,1,0,1,0,0,365,3,2.0,1
405,fishingToday,2019-01-01,1,0,1,0,0,1,3,2.0,1
406,fishingToday,2019-01-02,0,0,1,0,0,2,3,3.0,1
407,fishingToday,2019-01-05,0,1,0,0,0,5,0,2.0,1
408,fishingToday,2019-01-06,1,0,0,0,0,6,0,1.0,0
409,fishingToday,2019-01-09,0,0,1,0,0,9,0,3.0,1
410,fishingToday,2019-01-10,0,0,1,0,0,10,0,3.0,1
411,fishingToday,2019-01-12,0,0,1,0,0,12,0,3.0,1
412,fishingToday,2019-01-14,1,0,0,0,0,14,1,1.0,0
413,fishingToday,2019-01-17,0,0,3,0,0,17,1,3.0,1
414,fishingToday,2019-01-18,0,1,0,0,0,18,1,2.0,1
415,fishingToday,2019-01-20,0,1,0,0,0,20,1,2.0,1
416,fishingToday,2019-05-08,0,1,0,0,0,128,0,2.0,1
417,fishingToday,2019-05-09,0,0,2,0,0,129,0,3.0,1
418,fishingToday,2019-05-10,0,1,0,0,0,130,0,2.0,1
419,fishingToday,2019-05-11,2,1,0,0,0,131,0,1.3333333333333333,0
420,fishingToday,2019-05-13,0,1,1,0,0,133,1,2.5,1
421,fishingToday,2019-05-14,0,0,1,0,0,134,1,3.0,1
422,fishingToday,2019-05-18,0,1,0,0,0,138,2,2.0,1
423,fishingToday,2019-05-19,0,1,0,0,0,139,2,2.0,1
424,fishingToday,2019-05-20,1,2,0,0,0,140,2,1.6666666666666667,0
425,fishingToday,2019-05-21,0,0,1,0,0,141,2,3.0,1
426,fishingToday,2019-05-22,1,0,1,0,0,142,2,2.0,1
427,fishingToday,2019-05-23,1,1,1,0,0,143,2,2.0,1
428,fishingToday,2019-05-24,0,0,1,0,0,144,2,3.0,1
429,fishingToday,2019-05-25,0,1,0,0,0,145,3,2.0,1
430,fishingToday,2019-05-26,1,0,0,0,0,146,3,1.0,0
431,fishingToday,2019-05-27,1,0,0,0,0,147,3,1.0,0
432,fishingToday,2019-05-28,0,0,1,0,0,148,3,3.0,1
433,fishingToday,2019-05-29,0,1,2,0,0,149,3,2.6666666666666665,1
434,fishingToday,2019-05-30,0,1,1,0,0,150,3,2.5,1
435,fishingToday,2019-06-05,1,0,1,0,0,156,0,2.0,1
436,fishingToday,2019-06-07,1,0,1,0,0,158,0,2.0,1
437,fishingToday,2019-06-08,2,0,0,0,0,159,0,1.0,0
438,fishingToday,2019-06-10,0,1,0,0,0,161,1,2.0,1
439,fishingToday,2019-06-13,0,0,1,0,0,164,1,3.0,1
440,fishingToday,2019-06-14,0,1,2,0,0,165,1,2.6666666666666665,1
441,fishingToday,2019-06-15,0,1,0,0,0,166,1,2.0,1
442,fishingToday,2019-06-16,1,1,2,0,0,167,1,2.25,1
443,fishingToday,2019-06-17,0,1,0,0,0,168,2,2.0,1
444,fishingToday,2019-06-20,2,2,1,0,0,171,2,1.8,0
445,fishingToday,2019-06-21,1,0,0,0,0,172,2,1.0,0
446,fishingToday,2019-06-24,0,0,1,0,0,175,3,3.0,1
447,fishingToday,2019-06-26,0,1,0,0,0,177,3,2.0,1
448,fishingToday,2019-06-27,0,1,1,0,0,178,3,2.5,1
449,fishingToday,2019-06-29,1,0,0,0,0,180,3,1.0,0
450,fishingToday,2019-06-30,2,1,0,0,0,181,3,1.3333333333333333,0
451,fishingToday,2019-07-01,1,1,0,0,0,182,0,1.5,0
452,fishingToday,2019-07-04,0,1,1,0,0,185,0,2.5,1
453,fishingToday,2019-07-05,0,0,1,0,0,186,0,3.0,1
454,fishingToday,2019-07-06,1,0,1,0,0,187,0,2.0,1
455,fishingToday,2019-07-07,0,1,2,0,0,188,0,2.6666666666666665,1
456,fishingToday,2019-07-08,1,0,0,0,0,189,0,1.0,0
457,fishingToday,2019-07-09,1,1,1,0,0,190,1,2.0,1
458,fishingToday,2019-07-10,1,2,0,0,0,191,1,1.6666666666666667,0
459,fishingToday,2019-07-12,0,1,1,0,0,193,1,2.5,1
460,fishingToday,2019-07-13,0,2,1,0,0,194,1,2.3333333333333335,1
461,fishingToday,2019-07-15,2,0,1,0,0,196,1,1.6666666666666667,0
462,fishingToday,2019-07-16,1,0,0,0,0,197,2,1.0,0
463,fishingToday,2019-07-18,1,0,0,0,0,199,2,1.0,0
464,fishingToday,2019-07-19,0,1,0,0,0,200,2,2.0,1
465,fishingToday,2019-07-21,2,1,0,0,0,202,2,1.3333333333333333,0
466,fishingToday,2019-07-22,0,0,1,0,0,203,2,3.0,1
467,fishingToday,2019-07-24,0,1,0,0,0,205,3,2.0,1
468,fishingToday,2019-07-25,2,1,0,0,0,206,3,1.3333333333333333,0
469,fishingToday,2019-07-27,0,1,0,0,0,208,3,2.0,1
470,fishingToday,2019-07-28,1,0,0,0,0,209,3,1.0,0
471,fishingToday,2019-07-29,0,1,0,0,0,210,3,2.0,1
472,fishingToday,2019-07-31,1,0,0,0,0,212,0,1.0,0
473,fishingToday,2019-08-01,0,1,1,0,0,213,0,2.5,1
474,fishingToday,2019-08-02,1,0,0,0,0,214,0,1.0,0
475,fishingToday,2019-08-03,0,0,1,0,0,215,0,3.0,1
476,fishingToday,2019-08-04,1,0,0,0,0,216,0,1.0,0
477,fishingToday,2019-08-06,0,1,0,0,0,218,0,2.0,1
478,fishingToday,2019-08-07,0,1,1,0,0,219,1,2.5,1
479,fishingToday,2019-08-09,2,0,0,0,0,221,1,1.0,0
480,fishingToday,2019-08-10,1,1,0,0,0,222,1,1.5,0
481,fishingToday,2019-08-13,2,0,0,0,0,225,1,1.0,0
482,fishingToday,2019-08-15,1,1,0,0,0,227,2,1.5,0
483,fishingToday,2019-08-16,1,0,0,0,0,228,2,1.0,0
484,fishingToday,2019-08-17,0,0,1,0,0,229,2,3.0,1
485,fishingToday,2019-08-18,1,0,0,0,0,230,2,1.0,0
486,fishingToday,2019-08-22,0,0,2,0,0,234,3,3.0,1
487,fishingToday,2019-08-23,0,1,0,0,0,235,3,2.0,1
488,fishingToday,2019-08-24,0,0,1,0,0,236,3,3.0,1
489,fishingToday,2019-08-26,0,1,3,0,0,238,3,2.75,1
490,fishingToday,2019-08-27,0,1,0,0,0,239,3,2.0,1
491,fishingToday,2019-08-29,0,0,1,0,0,241,0,3.0,1
492,fishingToday,2019-08-30,0,0,2,0,0,242,0,3.0,1
493,fishingToday,2019-08-31,1,0,0,0,0,243,0,1.0,0
494,fishingToday,2019-09-02,0,3,2,0,0,245,0,2.4,1
495,fishingToday,2019-09-03,0,1,2,0,0,246,0,2.6666666666666665,1
496,fishingToday,2019-09-05,1,1,1,0,0,248,0,2.0,1
497,fishingToday,2019-09-06,1,0,0,0,0,249,1,1.0,0
498,fishingToday,2019-09-08,1,3,0,0,0,251,1,1.75,0
499,fishingToday,2019-09-09,0,1,0,0,0,252,1,2.0,1
500,fishingToday,2019-09-11,0,0,1,0,0,254,1,3.0,1
501,fishingToday,2019-09-18,1,0,0,0,0,261,2,1.0,0
502,fishingToday,2019-09-20,1,0,0,0,0,263,2,1.0,0
503,fishingToday,2019-09-21,1,0,0,0,0,264,3,1.0,0
504,fishingToday,2019-09-23,0,3,0,0,0,266,3,2.0,1
505,fishingToday,2019-09-24,0,1,1,0,0,267,3,2.5,1
506,fishingToday,2019-09-25,0,1,2,0,0,268,3,2.6666666666666665,1
507,fishingToday,2019-09-26,0,1,0,0,0,269,3,2.0,1
508,fishingToday,2019-09-27,0,0,1,0,0,270,0,3.0,1
509,fishingToday,2019-09-28,0,0,1,0,0,271,0,3.0,1
510,fishingToday,2019-09-29,0,0,1,0,0,272,0,3.0,1
511,fishingToday,2019-10-01,2,0,0,0,0,274,0,1.0,0
512,fishingToday,2019-10-02,0,2,0,0,0,275,0,2.0,1
513,fishingToday,2019-10-03,0,0,1,0,0,276,0,3.0,1
514,fishingToday,2019-10-04,0,0,1,0,0,277,0,3.0,1
515,fishingToday,2019-10-06,0,1,0,0,0,279,1,2.0,1
516,fishingToday,2019-10-08,0,1,0,0,0,281,1,2.0,1
517,fishingToday,2019-10-10,1,0,0,0,0,283,1,1.0,0
518,fishingToday,2019-10-13,0,0,2,0,0,286,2,3.0,1
519,fishingToday,2019-10-14,0,0,2,0,0,287,2,3.0,1
520,fishingToday,2019-10-17,0,2,0,0,0,290,2,2.0,1
521,fishingToday,2019-10-19,1,1,0,0,0,292,2,1.5,0
522,fishingToday,2019-10-20,1,0,0,0,0,293,3,1.0,0
523,fishingToday,2019-10-21,0,0,1,0,0,294,3,3.0,1
524,fishingToday,2019-10-23,0,1,0,0,0,296,3,2.0,1
525,fishingToday,2019-10-26,1,0,0,0,0,299,3,1.0,0
526,fishingToday,2019-10-27,1,2,0,0,0,300,0,1.6666666666666667,0
527,fishingToday,2019-10-30,0,0,1,0,0,303,0,3.0,1
528,fishingToday,2019-11-01,1,0,0,0,0,305,0,1.0,0
529,fishingToday,2019-11-02,0,0,1,0,0,306,0,3.0,1
530,fishingToday,2019-11-07,0,1,1,0,0,311,1,2.5,1
531,fishingToday,2019-11-08,0,1,0,0,0,312,1,2.0,1
532,fishingToday,2019-11-10,1,0,0,0,0,314,1,1.0,0
533,fishingToday,2019-11-11,0,0,1,0,0,315,1,3.0,1
534,fishingToday,2019-11-14,1,0,0,0,0,318,2,1.0,0
535,fishingToday,2019-11-15,0,2,1,0,0,319,2,2.3333333333333335,1
536,fishingToday,2019-11-22,0,3,0,0,0,326,3,2.0,1
537,fishingToday,2019-11-23,0,0,1,0,0,327,3,3.0,1
538,fishingToday,2019-11-26,0,1,0,0,0,330,0,2.0,1
539,fishingToday,2019-12-01,0,1,1,0,0,335,0,2.5,1
540,fishingToday,2019-12-02,0,0,1,0,0,336,0,3.0,1
541,fishingToday,2019-12-04,0,1,0,0,0,338,1,2.0,1
542,fishingToday,2019-12-05,1,0,0,0,0,339,1,1.0,0
543,fishingToday,2019-12-06,0,1,1,0,0,340,1,2.5,1
544,fishingToday,2019-12-07,0,0,1,0,0,341,1,3.0,1
545,fishingToday,2019-12-09,1,0,0,0,0,343,1,1.0,0
546,fishingToday,2019-12-10,1,0,0,0,0,344,1,1.0,0
547,fishingToday,2019-12-11,0,1,0,0,0,345,2,2.0,1
548,fishingToday,2019-12-12,0,0,1,0,0,346,2,3.0,1
549,fishingToday,2019-12-14,0,1,1,0,0,348,2,2.5,1
550,fishingToday,2019-12-21,0,0,1,0,0,355,3,3.0,1
551,fishingToday,2019-12-22,0,0,1,0,0,356,3,3.0,1
552,fishingToday,2019-12-24,1,0,0,0,0,358,3,1.0,0
553,fishingToday,2019-12-27,0,0,1,0,0,361,0,3.0,1
554,fishingToday,2019-12-28,1,1,1,0,0,362,0,2.0,1
555,fishingToday,2019-12-29,0,1,1,0,0,363,0,2.5,1
556,fishingToday,2019-12-30,1,0,2,0,0,364,0,2.3333333333333335,1
557,fishingToday,2019-12-31,1,0,1,0,0,365,0,2.0,1
558,fishingToday,2020-01-01,0,1,0,0,0,1,0,2.0,1
559,fishingToday,2020-01-02,0,0,2,0,0,2,0,3.0,1
560,fishingToday,2020-01-04,0,1,0,0,0,4,1,2.0,1
561,fishingToday,2020-01-06,2,1,0,0,0,6,1,1.3333333333333333,0
562,fishingToday,2020-01-07,0,0,1,0,0,7,1,3.0,1
563,fishingToday,2020-01-08,0,1,1,0,0,8,1,2.5,1
564,fishingToday,2020-01-09,0,2,1,0,0,9,1,2.3333333333333335,1
565,fishingToday,2020-01-10,0,2,0,0,0,10,2,2.0,1
566,fishingToday,2020-01-12,0,1,1,0,0,12,2,2.5,1
567,fishingToday,2020-01-13,0,0,1,0,0,13,2,3.0,1
568,fishingToday,2020-01-14,0,2,0,0,0,14,2,2.0,1
569,fishingToday,2020-01-17,1,1,0,0,0,17,3,1.5,0
570,fishingToday,2020-01-19,1,0,0,0,0,19,3,1.0,0
571,fishingToday,2020-01-20,0,2,1,0,0,20,3,2.3333333333333335,1
572,fishingToday,2020-01-21,0,1,1,0,0,21,3,2.5,1
573,fishingToday,2020-01-22,2,0,1,0,0,22,3,1.6666666666666667,0
574,fishingToday,2020-01-23,0,1,0,0,0,23,0,2.0,1
575,fishingToday,2020-01-26,0,0,1,0,0,26,0,3.0,1
576,fishingToday,2020-01-28,0,1,1,0,0,28,0,2.5,1
577,fishingToday,2020-01-30,2,1,0,0,0,30,0,1.3333333333333333,0
578,fishingToday,2020-01-31,0,0,1,0,0,31,0,3.0,1
579,fishingToday,2020-02-01,1,0,1,0,0,32,0,2.0,1
580,fishingToday,2020-02-02,0,0,2,0,0,33,1,3.0,1
581,fishingToday,2020-02-03,0,1,1,0,0,34,1,2.5,1
582,fishingToday,2020-02-04,0,1,1,0,0,35,1,2.5,1
583,fishingToday,2020-02-06,0,0,3,0,0,37,1,3.0,1
584,fishingToday,2020-02-08,0,1,1,0,0,39,1,2.5,1
585,fishingToday,2020-02-11,1,0,1,0,0,42,2,2.0,1
586,fishingToday,2020-02-14,0,0,1,0,0,45,2,3.0,1
587,fishingToday,2020-02-15,1,1,1,0,0,46,3,2.0,1
588,fishingToday,2020-02-16,1,1,0,0,0,47,3,1.5,0
589,fishingToday,2020-02-19,2,0,0,0,0,50,3,1.0,0
590,fishingToday,2020-02-20,1,0,1,0,0,51,3,2.0,1
591,fishingToday,2020-02-22,0,1,0,0,0,53,0,2.0,1
592,fishingToday,2020-02-23,0,1,1,0,0,54,0,2.5,1
593,fishingToday,2020-02-24,0,1,0,0,0,55,0,2.0,1
594,fishingToday,2020-02-25,1,2,1,0,0,56,0,2.0,1
595,fishingToday,2020-02-26,0,0,1,0,0,57,0,3.0,1
596,fishingToday,2020-02-27,0,0,2,0,0,58,0,3.0,1
597,fishingToday,2020-02-28,0,2,0,0,0,59,0,2.0,1
598,fishingToday,2020-02-29,0,0,2,0,0,60,0,3.0,1
599,fishingToday,2020-03-01,0,0,1,0,0,61,0,3.0,1
600,fishingToday,2020-03-02,0,0,1,0,0,62,1,3.0,1
601,fishingToday,2020-03-03,1,0,0,0,0,63,1,1.0,0
602,fishingToday,2020-03-04,1,0,1,0,0,64,1,2.0,1
603,fishingToday,2020-03-05,0,0,1,0,0,65,1,3.0,1
604,fishingToday,2020-03-06,1,0,0,0,0,66,1,1.0,0
605,fishingToday,2020-03-09,1,0,0,0,0,69,2,1.0,0
606,fishingToday,2020-03-10,0,0,3,0,0,70,2,3.0,1
607,fishingToday,2020-03-11,2,1,1,0,0,71,2,1.75,0
608,fishingToday,2020-03-12,1,2,0,0,0,72,2,1.6666666666666667,0
609,fishingToday,2020-03-13,2,0,1,0,0,73,2,1.6666666666666667,0
610,fishingToday,2020-03-14,1,1,3,0,0,74,2,2.4,1
611,fishingToday,2020-03-15,0,1,1,0,0,75,3,2.5,1
612,fishingToday,2020-03-16,0,0,2,0,0,76,3,3.0,1
613,fishingToday,2020-03-17,1,0,0,0,0,77,3,1.0,0
614,fishingToday,2020-03-18,0,1,3,0,0,78,3,2.75,1
615,fishingToday,2020-03-19,0,1,0,0,0,79,3,2.0,1
616,fishingToday,2020-03-20,0,2,1,0,0,80,3,2.3333333333333335,1
617,fishingToday,2020-03-21,1,2,1,0,0,81,3,2.0,1
618,fishingToday,2020-03-22,1,0,1,0,0,82,3,2.0,1
619,fishingToday,2020-03-23,0,1,1,0,0,83,0,2.5,1
620,fishingToday,2020-03-24,1,0,0,0,0,84,0,1.0,0
621,fishingToday,2020-03-25,0,0,1,0,0,85,0,3.0,1
622,fishingToday,2020-03-27,1,0,2,0,0,87,0,2.3333333333333335,1
623,fishingToday,2020-03-28,0,0,1,0,0,88,0,3.0,1
624,fishingToday,2020-03-29,0,0,1,0,0,89,0,3.0,1
625,fishingToday,2020-03-30,0,0,1,0,0,90,0,3.0,1
626,fishingToday,2020-03-31,0,2,1,0,0,91,0,2.3333333333333335,1
627,fishingToday,2020-04-01,1,0,1,0,0,92,1,2.0,1
628,fishingToday,2020-04-02,1,1,3,0,0,93,1,2.4,1
629,fishingToday,2020-04-03,1,0,1,0,0,94,1,2.0,1
630,fishingToday,2020-04-04,0,1,3,0,0,95,1,2.75,1
631,fishingToday,2020-04-05,2,0,0,0,0,96,1,1.0,0
632,fishingToday,2020-04-06,0,2,4,0,0,97,1,2.6666666666666665,1
633,fishingToday,2020-04-07,1,0,0,0,0,98,1,1.0,0
634,fishingToday,2020-04-08,1,0,0,0,0,99,2,1.0,0
635,fishingToday,2020-04-09,1,0,0,0,0,100,2,1.0,0
636,fishingToday,2020-04-10,1,2,0,0,0,101,2,1.6666666666666667,0
637,fishingToday,2020-04-11,1,4,2,0,0,102,2,2.142857142857143,1
638,fishingToday,2020-04-12,2,2,1,0,0,103,2,1.8,0
639,fishingToday,2020-04-13,1,0,3,0,0,104,2,2.5,1
640,fishingToday,2020-04-14,0,2,0,0,0,105,3,2.0,1
641,fishingToday,2020-04-15,0,0,2,0,0,106,3,3.0,1
642,fishingToday,2020-04-16,1,0,2,0,0,107,3,2.3333333333333335,1
643,fishingToday,2020-04-18,1,1,1,0,0,109,3,2.0,1
644,fishingToday,2020-04-19,2,0,1,0,0,110,3,1.6666666666666667,0
645,fishingToday,2020-04-20,2,1,1,0,0,111,3,1.75,0
646,fishingToday,2020-04-21,0,2,2,0,0,112,0,2.5,1
647,fishingToday,2020-04-22,0,0,2,0,0,113,0,3.0,1
648,fishingToday,2020-04-23,1,2,0,0,0,114,0,1.6666666666666667,0
649,fishingToday,2020-04-24,3,0,0,0,0,115,0,1.0,0
650,fishingToday,2020-04-25,0,1,0,0,0,116,0,2.0,1
651,fishingToday,2020-04-26,0,0,1,0,0,117,0,3.0,1
652,fishingToday,2020-04-27,0,1,3,0,0,118,0,2.75,1
653,fishingToday,2020-04-28,0,2,0,0,0,119,0,2.0,1
654,fishingToday,2020-04-30,0,0,1,0,0,121,1,3.0,1
655,fishingToday,2020-05-01,1,2,2,0,0,122,1,2.2,1
656,fishingToday,2020-05-02,5,2,2,0,0,123,1,1.6666666666666667,0
657,fishingToday,2020-05-03,0,1,2,0,0,124,1,2.6666666666666665,1
658,fishingToday,2020-05-04,0,1,3,0,0,125,1,2.75,1
659,fishingToday,2020-05-05,0,2,1,0,0,126,1,2.3333333333333335,1
660,fishingToday,2020-05-06,1,2,0,0,0,127,1,1.6666666666666667,0
661,fishingToday,2020-05-07,1,1,0,0,0,128,2,1.5,0
662,fishingToday,2020-05-08,5,1,0,0,0,129,2,1.1666666666666667,0
663,fishingToday,2020-05-09,1,3,3,0,0,130,2,2.2857142857142856,1
664,fishingToday,2020-05-10,0,1,1,0,0,131,2,2.5,1
665,fishingToday,2020-05-11,0,0,4,0,0,132,2,3.0,1
666,fishingToday,2020-05-12,0,2,0,0,0,133,2,2.0,1
667,fishingToday,2020-05-13,0,1,0,0,0,134,3,2.0,1
668,fishingToday,2020-05-14,1,0,1,0,0,135,3,2.0,1
669,fishingToday,2020-05-15,1,1,0,0,0,136,3,1.5,0
670,fishingToday,2020-05-16,0,2,1,0,0,137,3,2.3333333333333335,1
671,fishingToday,2020-05-17,1,1,1,0,0,138,3,2.0,1
672,fishingToday,2020-05-18,1,0,1,0,0,139,3,2.0,1
673,fishingToday,2020-05-19,2,1,1,0,0,140,3,1.75,0
674,fishingToday,2020-05-20,0,0,1,0,0,141,3,3.0,1
675,fishingToday,2020-05-21,0,0,2,0,0,142,0,3.0,1
676,fishingToday,2020-05-22,1,0,0,0,0,143,0,1.0,0
677,fishingToday,2020-05-23,1,2,1,0,0,144,0,2.0,1
678,fishingToday,2020-05-24,0,1,1,0,0,145,0,2.5,1
679,fishingToday,2020-05-25,4,0,0,0,0,146,0,1.0,0
680,fishingToday,2020-05-26,0,1,0,0,0,147,0,2.0,1
681,fishingToday,2020-05-27,0,1,0,0,0,148,0,2.0,1
682,fishingToday,2020-05-28,2,1,0,0,0,149,0,1.3333333333333333,0
683,fishingToday,2020-05-29,3,0,0,0,0,150,0,1.0,0
684,fishingToday,2020-05-30,1,1,2,0,0,151,1,2.25,1
685,fishingToday,2020-05-31,1,0,1,0,0,152,1,2.0,1
686,fishingToday,2020-06-02,2,0,0,0,0,154,1,1.0,0
687,fishingToday,2020-06-03,0,2,0,0,0,155,1,2.0,1
688,fishingToday,2020-06-05,0,0,2,0,0,157,2,3.0,1
689,fishingToday,2020-06-07,0,0,1,0,0,159,2,3.0,1
690,fishingToday,2020-06-09,3,0,0,0,0,161,2,1.0,0
691,fishingToday,2020-06-13,0,2,3,0,0,165,3,2.6,1
692,fishingToday,2020-06-14,1,1,1,0,0,166,3,2.0,1
693,fishingToday,2020-06-17,1,2,2,0,0,169,3,2.2,1
694,fishingToday,2020-06-18,0,0,2,0,0,170,3,3.0,1
695,fishingToday,2020-06-21,0,2,0,0,0,173,0,2.0,1
696,fishingToday,2020-06-22,1,0,0,0,0,174,0,1.0,0
697,fishingToday,2020-06-23,1,2,0,0,0,175,0,1.6666666666666667,0
698,fishingToday,2020-06-24,0,1,1,0,0,176,0,2.5,1
699,fishingToday,2020-06-25,2,0,1,0,0,177,0,1.6666666666666667,0
700,fishingToday,2020-06-27,1,0,1,0,0,179,0,2.0,1
701,fishingToday,2020-06-28,1,2,0,0,0,180,1,1.6666666666666667,0
702,fishingToday,2020-06-29,0,1,0,0,0,181,1,2.0,1
703,fishingToday,2020-06-30,1,0,1,0,0,182,1,2.0,1
704,fishingToday,2020-07-01,0,1,0,0,0,183,1,2.0,1
705,fishingToday,2020-07-05,0,0,1,0,0,187,2,3.0,1
706,fishingToday,2020-07-08,0,1,0,0,0,190,2,2.0,1
707,fishingToday,2020-07-09,0,0,1,0,0,191,2,3.0,1
708,fishingToday,2020-07-10,2,0,1,0,0,192,2,1.6666666666666667,0
709,fishingToday,2020-07-11,0,1,0,0,0,193,2,2.0,1
710,fishingToday,2020-07-12,3,2,0,0,0,194,3,1.4,0
711,fishingToday,2020-07-13,0,0,1,0,0,195,3,3.0,1
712,fishingToday,2020-07-15,0,1,1,0,0,197,3,2.5,1
713,fishingToday,2020-07-17,1,0,2,0,0,199,3,2.3333333333333335,1
714,fishingToday,2020-07-19,0,0,2,0,0,201,0,3.0,1
715,fishingToday,2020-07-20,0,1,0,0,0,202,0,2.0,1
716,fishingToday,2020-07-21,1,1,1,0,0,203,0,2.0,1
717,fishingToday,2020-07-22,2,0,2,0,0,204,0,2.0,1
718,fishingToday,2020-07-25,1,0,0,0,0,207,0,1.0,0
719,fishingToday,2020-07-26,2,1,1,0,0,208,0,1.75,0
720,fishingToday,2020-07-29,1,2,1,0,0,211,1,2.0,1
721,fishingToday,2020-07-31,0,0,1,0,0,213,1,3.0,1
722,fishingToday,2020-08-01,0,2,1,0,0,214,1,2.3333333333333335,1
723,fishingToday,2020-08-06,0,0,1,0,0,219,2,3.0,1
724,fishingToday,2020-08-07,1,1,0,0,0,220,2,1.5,0
725,fishingToday,2020-08-08,0,1,0,0,0,221,2,2.0,1
726,fishingToday,2020-08-09,0,1,0,0,0,222,2,2.0,1
727,fishingToday,2020-08-10,0,1,1,0,0,223,3,2.5,1
728,fishingToday,2020-08-12,0,0,1,0,0,225,3,3.0,1
729,fishingToday,2020-08-16,1,2,1,0,0,229,3,2.0,1
730,fishingToday,2020-08-17,1,0,0,0,0,230,3,1.0,0
731,fishingToday,2020-08-18,0,0,1,0,0,231,0,3.0,1
732,fishingToday,2020-08-21,0,0,1,0,0,234,0,3.0,1
733,fishingToday,2020-08-22,1,1,1,0,0,235,0,2.0,1
734,fishingToday,2020-08-23,0,1,1,0,0,236,0,2.5,1
735,fishingToday,2020-08-24,1,0,0,0,0,237,0,1.0,0
736,fishingToday,2020-08-26,0,1,2,0,0,239,1,2.6666666666666665,1
737,fishingToday,2020-08-27,0,1,0,0,0,240,1,2.0,1
738,fishingToday,2020-08-28,0,1,2,0,0,241,1,2.6666666666666665,1
739,fishingToday,2020-08-30,1,0,1,0,0,243,1,2.0,1
740,fishingToday,2020-09-01,0,1,0,0,0,245,2,2.0,1
741,fishingToday,2020-09-03,0,1,1,0,0,247,2,2.5,1
742,fishingToday,2020-09-04,0,2,0,0,0,248,2,2.0,1
743,fishingToday,2020-09-05,1,0,0,0,0,249,2,1.0,0
744,fishingToday,2020-09-08,2,0,0,0,0,252,2,1.0,0
745,fishingToday,2020-09-09,0,1,1,0,0,253,3,2.5,1
746,fishingToday,2020-09-11,0,0,1,0,0,255,3,3.0,1
747,fishingToday,2020-09-13,0,0,2,0,0,257,3,3.0,1
748,fishingToday,2020-09-14,0,1,0,0,0,258,3,2.0,1
749,fishingToday,2020-09-15,0,0,1,0,0,259,3,3.0,1
750,fishingToday,2020-09-16,0,1,0,0,0,260,0,2.0,1
751,fishingToday,2020-09-19,0,1,0,0,0,263,0,2.0,1
752,fishingToday,2020-09-20,0,1,0,0,0,264,0,2.0,1
753,fishingToday,2020-09-22,0,1,0,0,0,266,0,2.0,1
754,fishingToday,2020-09-25,1,0,2,0,0,269,1,2.3333333333333335,1
755,fishingToday,2020-09-26,1,0,0,0,0,270,1,1.0,0
756,fishingToday,2020-09-27,0,1,0,0,0,271,1,2.0,1
757,fishingToday,2020-09-29,0,0,2,0,0,273,1,3.0,1
758,fishingToday,2020-10-02,0,1,0,0,0,276,2,2.0,1
759,fishingToday,2020-10-03,0,1,1,0,0,277,2,2.5,1
760,fishingToday,2020-10-06,1,1,1,0,0,280,2,2.0,1
761,fishingToday,2020-10-07,0,1,0,0,0,281,2,2.0,1
762,fishingToday,2020-10-08,0,0,3,0,0,282,2,3.0,1
763,fishingToday,2020-10-09,0,0,1,0,0,283,3,3.0,1
764,fishingToday,2020-10-10,0,0,1,0,0,284,3,3.0,1
765,fishingToday,2020-10-11,0,1,2,0,0,285,3,2.6666666666666665,1
766,fishingToday,2020-10-12,0,1,0,0,0,286,3,2.0,1
767,fishingToday,2020-10-13,0,1,0,0,0,287,3,2.0,1
768,fishingToday,2020-10-15,0,0,1,0,0,289,3,3.0,1
769,fishingToday,2020-10-17,0,0,1,0,0,291,0,3.0,1
770,fishingToday,2020-10-18,2,0,0,0,0,292,0,1.0,0
771,fishingToday,2020-10-20,1,1,2,0,0,294,0,2.25,1
772,fishingToday,2020-10-23,1,1,0,0,0,297,1,1.5,0
773,fishingToday,2020-10-25,0,1,0,0,0,299,1,2.0,1
774,fishingToday,2020-10-29,0,3,0,0,0,303,1,2.0,1
775,fishingToday,2020-11-01,1,0,1,0,0,306,2,2.0,1
776,fishingToday,2020-11-02,0,0,1,0,0,307,2,3.0,1
777,fishingToday,2020-11-03,0,0,1,0,0,308,2,3.0,1
778,fishingToday,2020-11-07,0,1,0,0,0,312,3,2.0,1
779,fishingToday,2020-11-08,1,0,2,0,0,313,3,2.3333333333333335,1
780,fishingToday,2020-11-09,0,0,1,0,0,314,3,3.0,1
781,fishingToday,2020-11-10,0,0,1,0,0,315,3,3.0,1
782,fishingToday,2020-11-12,0,1,0,0,0,317,3,2.0,1
783,fishingToday,2020-11-13,0,1,0,0,0,318,3,2.0,1
784,fishingToday,2020-11-14,0,1,0,0,0,319,0,2.0,1
785,fishingToday,2020-11-17,0,1,0,0,0,322,0,2.0,1
786,fishingToday,2020-11-18,0,1,0,0,0,323,0,2.0,1
787,fishingToday,2020-11-19,0,0,1,0,0,324,0,3.0,1
788,fishingToday,2020-11-20,0,1,1,0,0,325,0,2.5,1
789,fishingToday,2020-11-21,1,1,2,0,0,326,0,2.25,1
790,fishingToday,2020-11-22,0,1,2,0,0,327,1,2.6666666666666665,1
791,fishingToday,2020-11-23,0,0,3,0,0,328,1,3.0,1
792,fishingToday,2020-11-24,0,0,2,0,0,329,1,3.0,1
793,fishingToday,2020-11-25,0,0,1,0,0,330,1,3.0,1
794,fishingToday,2020-11-26,0,2,0,0,0,331,1,2.0,1
795,fishingToday,2020-11-28,0,1,0,0,0,333,1,2.0,1
796,fishingToday,2020-11-29,0,0,1,0,0,334,2,3.0,1
797,fishingToday,2020-12-02,0,1,1,0,0,337,2,2.5,1
798,fishingToday,2020-12-06,1,0,1,0,0,341,2,2.0,1
799,fishingToday,2020-12-07,1,1,0,0,0,342,3,1.5,0
800,fishingToday,2020-12-10,1,0,0,0,0,345,3,1.0,0
801,fishingToday,2020-12-12,0,0,1,0,0,347,3,3.0,1
802,fishingToday,2020-12-19,0,1,0,0,0,354,0,2.0,1
803,fishingToday,2020-12-21,0,0,1,0,0,356,1,3.0,1
804,fishingToday,2020-12-25,0,1,3,0,0,360,1,2.75,1
805,fishingToday,2020-12-26,1,0,0,0,0,361,1,1.0,0
806,fishingToday,2020-12-28,1,0,0,0,0,363,1,1.0,0
807,fishingToday,2020-12-29,0,1,0,0,0,364,2,2.0,1
808,fishingToday,2020-12-30,0,1,0,0,0,365,2,2.0,1
809,fishingToday,2021-01-01,0,0,2,0,0,1,2,3.0,1
810,fishingToday,2021-01-10,1,0,0,0,0,10,3,1.0,0
811,fishingToday,2021-01-11,1,0,1,0,0,11,3,2.0,1
812,fishingToday,2021-01-14,1,0,1,0,0,14,0,2.0,1
813,fishingToday,2021-01-16,1,0,0,0,0,16,0,1.0,0
814,fishingToday,2021-01-17,0,0,1,0,0,17,0,3.0,1
815,fishingToday,2021-01-22,2,0,0,0,0,22,1,1.0,0
816,fishingToday,2021-01-23,1,0,2,0,0,23,1,2.3333333333333335,1
817,fishingToday,2021-01-24,0,1,0,0,0,24,1,2.0,1
818,fishingToday,2021-01-29,0,0,1,0,0,29,2,3.0,1
819,fishingToday,2021-01-30,0,0,2,0,0,30,2,3.0,1
820,fishingToday,2021-01-31,0,1,1,0,0,31,2,2.5,1
821,fishingToday,2021-02-03,0,1,0,0,0,34,2,2.0,1
822,fishingToday,2021-02-05,1,0,0,0,0,36,3,1.0,0
823,fishingToday,2021-02-07,1,0,0,0,0,38,3,1.0,0
824,fishingToday,2021-02-11,0,0,1,0,0,42,0,3.0,1
825,fishingToday,2021-02-12,0,1,0,0,0,43,0,2.0,1
826,fishingToday,2021-02-14,0,1,2,0,0,45,0,2.6666666666666665,1
827,fishingToday,2021-02-21,0,1,3,0,0,52,1,2.75,1
828,fishingToday,2021-02-22,1,0,0,0,0,53,1,1.0,0
829,fishingToday,2021-02-24,1,1,0,0,0,55,1,1.5,0
830,fishingToday,2021-02-26,0,1,0,0,0,57,1,2.0,1
831,fishingToday,2021-02-27,0,0,1,0,0,58,2,3.0,1
832,fishingToday,2021-03-03,0,0,1,0,0,62,2,3.0,1
833,fishingToday,2021-03-04,1,0,0,0,0,63,2,1.0,0
834,fishingToday,2021-03-06,0,0,1,0,0,65,3,3.0,1
835,fishingToday,2021-03-07,0,0,1,0,0,66,3,3.0,1
836,fishingToday,2021-03-09,0,5,1,0,0,68,3,2.1666666666666665,1
837,fishingToday,2021-03-10,0,1,0,0,0,69,3,2.0,1
838,fishingToday,2021-03-11,0,1,0,0,0,70,3,2.0,1
839,fishingToday,2021-03-12,0,0,1,0,0,71,0,3.0,1
840,fishingToday,2021-03-13,0,1,0,0,0,72,0,2.0,1
841,fishingToday,2021-03-16,0,1,0,0,0,75,0,2.0,1
842,fishingToday,2021-03-17,0,1,0,0,0,76,0,2.0,1
843,fishingToday,2021-03-22,0,1,1,0,0,81,1,2.5,1
844,fishingToday,2021-03-23,0,1,0,0,0,82,1,2.0,1
845,fishingToday,2021-03-26,0,0,3,0,0,85,1,3.0,1
846,fishingToday,2021-03-28,0,1,0,0,0,87,2,2.0,1
847,fishingToday,2021-03-29,1,0,1,0,0,88,2,2.0,1
848,fishingToday,2021-04-01,0,0,1,0,0,91,2,3.0,1
849,fishingToday,2021-04-04,0,0,2,0,0,94,3,3.0,1
850,fishingToday,2021-04-05,2,1,0,0,0,95,3,1.3333333333333333,0
851,fishingToday,2021-04-09,0,0,1,0,0,99,3,3.0,1
852,fishingToday,2021-04-10,0,0,1,0,0,100,0,3.0,1
853,fishingToday,2021-04-11,0,0,1,0,0,101,0,3.0,1
854,fishingToday,2021-04-13,1,1,0,0,0,103,0,1.5,0
855,fishingToday,2021-04-16,0,3,0,0,0,106,0,2.0,1
856,fishingToday,2021-04-17,1,0,1,0,0,107,0,2.0,1
857,fishingToday,2021-04-18,1,1,1,0,0,108,0,2.0,1
858,fishingToday,2021-04-19,0,0,1,0,0,109,0,3.0,1
859,fishingToday,2021-04-20,0,1,2,0,0,110,1,2.6666666666666665,1
860,fishingToday,2021-04-21,0,0,1,0,0,111,1,3.0,1
861,fishingToday,2021-04-22,0,0,1,0,0,112,1,3.0,1
862,fishingToday,2021-04-23,0,0,2,0,0,113,1,3.0,1
863,fishingToday,2021-04-25,0,0,1,0,0,115,1,3.0,1
864,fishingToday,2021-04-26,1,0,0,0,0,116,1,1.0,0
865,fishingToday,2021-04-27,1,0,0,0,0,117,2,1.0,0
866,fishingToday,2021-04-28,0,1,0,0,0,118,2,2.0,1
867,fishingToday,2021-04-30,0,1,0,0,0,120,2,2.0,1
868,fishingToday,2021-05-01,0,1,2,0,0,121,2,2.6666666666666665,1
869,fishingToday,2021-05-02,0,0,2,0,0,122,2,3.0,1
870,fishingToday,2021-05-03,0,1,1,0,0,123,3,2.5,1
871,fishingToday,2021-05-04,1,0,0,0,0,124,3,1.0,0
872,fishingToday,2021-05-07,1,0,0,0,0,127,3,1.0,0
873,fishingToday,2021-05-13,0,0,1,0,0,133,0,3.0,1
874,fishingToday,2021-05-17,0,2,2,0,0,137,0,2.5,1
875,fishingToday,2021-05-19,0,0,1,0,0,139,1,3.0,1
876,fishingToday,2021-05-20,0,0,1,0,0,140,1,3.0,1
877,fishingToday,2021-05-21,0,1,1,0,0,141,1,2.5,1
878,fishingToday,2021-05-23,0,0,1,0,0,143,1,3.0,1
879,fishingToday,2021-05-24,0,0,1,0,0,144,1,3.0,1
880,fishingToday,2021-05-26,0,0,1,0,0,146,2,3.0,1
881,fishingToday,2021-05-28,0,0,1,0,0,148,2,3.0,1
882,fishingToday,2021-05-30,1,0,0,0,0,150,2,1.0,0
883,fishingToday,2021-05-31,1,0,0,0,0,151,2,1.0,0
884,fishingToday,2021-06-01,1,1,0,0,0,152,3,1.5,0
885,fishingToday,2021-06-04,0,0,2,0,0,155,3,3.0,1
886,fishingToday,2021-06-05,0,1,0,0,0,156,3,2.0,1
887,fishingToday,2021-06-06,1,0,0,0,0,157,3,1.0,0
888,fishingToday,2021-06-07,0,0,1,0,0,158,3,3.0,1
889,fishingToday,2021-06-08,0,0,1,0,0,159,3,3.0,1
890,fishingToday,2021-06-10,0,1,0,0,0,161,0,2.0,1
891,fishingToday,2021-06-12,0,0,1,0,0,163,0,3.0,1
892,fishingToday,2021-06-14,1,0,1,0,0,165,0,2.0,1
893,fishingToday,2021-06-15,0,0,1,0,0,166,0,3.0,1
894,fishingToday,2021-06-24,0,0,1,0,0,175,2,3.0,1
895,fishingToday,2021-06-29,0,1,0,0,0,180,2,2.0,1
896,fishingToday,2021-06-30,1,0,0,0,0,181,2,1.0,0
897,fishingToday,2021-07-02,0,0,1,0,0,183,3,3.0,1
898,fishingToday,2021-07-03,0,0,1,0,0,184,3,3.0,1
899,fishingToday,2021-07-05,1,0,0,0,0,186,3,1.0,0
900,fishingToday,2021-07-06,1,0,0,0,0,187,3,1.0,0
901,fishingToday,2021-07-09,0,1,2,0,0,190,0,2.6666666666666665,1
902,fishingToday,2021-07-12,1,0,0,0,0,193,0,1.0,0
903,fishingToday,2021-07-13,0,0,1,0,0,194,0,3.0,1
904,fishingToday,2021-07-14,0,1,1,0,0,195,0,2.5,1
905,fishingToday,2021-07-15,0,1,1,0,0,196,0,2.5,1
906,fishingToday,2021-07-17,0,1,0,0,0,198,1,2.0,1
907,fishingToday,2021-07-20,0,0,2,0,0,201,1,3.0,1
908,fishingToday,2021-07-24,1,0,1,0,0,205,2,2.0,1
909,fishingToday,2021-07-26,0,1,0,0,0,207,2,2.0,1
910,fishingToday,2021-07-27,0,2,0,0,0,208,2,2.0,1
911,fishingToday,2021-07-30,1,0,0,0,0,211,3,1.0,0
912,fishingToday,2021-07-31,0,1,0,0,0,212,3,2.0,1
913,fishingToday,2021-08-01,0,1,1,0,0,213,3,2.5,1
914,fishingToday,2021-08-02,1,2,0,0,0,214,3,1.6666666666666667,0
915,fishingToday,2021-08-04,0,0,1,0,0,216,3,3.0,1
916,fishingToday,2021-08-07,0,0,1,0,0,219,0,3.0,1
917,fishingToday,2021-08-12,0,1,1,0,0,224,0,2.5,1
918,fishingToday,2021-08-13,1,0,1,0,0,225,0,2.0,1
919,fishingToday,2021-08-14,0,1,0,0,0,226,0,2.0,1
920,fishingToday,2021-08-15,0,1,0,0,0,227,1,2.0,1
921,fishingToday,2021-08-16,0,1,0,0,0,228,1,2.0,1
922,fishingToday,2021-08-17,0,1,0,0,0,229,1,2.0,1
923,fishingToday,2021-08-21,0,1,0,0,0,233,1,2.0,1
924,fishingToday,2021-08-27,0,1,0,0,0,239,2,2.0,1
925,fishingToday,2021-08-30,1,0,0,0,0,242,3,1.0,0
926,fishingToday,2021-08-31,0,1,0,0,0,243,3,2.0,1
927,fishingToday,2021-09-02,0,0,1,0,0,245,3,3.0,1
928,fishingToday,2021-09-04,0,0,3,0,0,247,3,3.0,1
929,fishingToday,2021-09-05,1,0,0,0,0,248,3,1.0,0
930,fishingToday,2021-09-08,1,0,1,0,0,251,0,2.0,1
931,fishingToday,2021-09-09,0,1,0,0,0,252,0,2.0,1
932,fishingToday,2021-09-15,0,1,0,0,0,258,1,2.0,1
933,fishingToday,2021-09-16,0,2,1,0,0,259,1,2.3333333333333335,1
934,fishingToday,2021-09-20,0,1,0,0,0,263,2,2.0,1
935,fishingToday,2021-09-21,1,0,0,0,0,264,2,1.0,0
936,fishingToday,2021-09-22,0,1,1,0,0,265,2,2.5,1
937,fishingToday,2021-09-25,1,1,1,0,0,268,2,2.0,1
938,fishingToday,2021-09-26,0,0,1,0,0,269,2,3.0,1
939,fishingToday,2021-10-02,1,0,0,0,0,275,3,1.0,0
940,fishingToday,2021-10-04,0,0,1,0,0,277,3,3.0,1
941,fishingToday,2021-10-07,2,0,0,0,0,280,0,1.0,0
942,fishingToday,2021-10-08,1,0,0,0,0,281,0,1.0,0
943,fishingToday,2021-10-13,0,0,1,0,0,286,1,3.0,1
944,fishingToday,2021-10-14,0,0,1,0,0,287,1,3.0,1
945,fishingToday,2021-10-16,0,0,1,0,0,289,1,3.0,1
946,fishingToday,2021-10-17,0,0,1,0,0,290,1,3.0,1
947,fishingToday,2021-10-21,0,0,1,0,0,294,2,3.0,1
948,fishingToday,2021-10-22,1,0,0,0,0,295,2,1.0,0
949,fishingToday,2021-10-23,2,0,0,0,0,296,2,1.0,0
950,fishingToday,2021-10-29,1,0,1,0,0,302,3,2.0,1
951,fishingToday,2021-11-04,0,0,1,0,0,308,0,3.0,1
952,fishingToday,2021-11-06,0,0,3,0,0,310,0,3.0,1
953,fishingToday,2021-11-07,1,1,2,0,0,311,0,2.25,1
954,fishingToday,2021-11-08,2,0,0,0,0,312,0,1.0,0
955,fishingToday,2021-11-11,0,0,1,0,0,315,1,3.0,1
956,fishingToday,2021-11-12,1,0,0,0,0,316,1,1.0,0
957,fishingToday,2021-11-14,0,1,0,0,0,318,1,2.0,1
958,fishingToday,2021-11-18,2,0,0,0,0,322,2,1.0,0
959,fishingToday,2021-12-11,0,1,0,0,0,345,1,2.0,1
960,fishingToday,2021-12-12,1,1,1,0,0,346,1,2.0,1
961,fishingToday,2021-12-13,0,2,0,0,0,347,1,2.0,1
962,fishingToday,2021-12-16,0,1,0,0,0,350,1,2.0,1
963,fishingToday,2021-12-18,0,0,1,0,0,352,2,3.0,1
964,fishingToday,2021-12-22,1,0,0,0,0,356,2,1.0,0
965,fishingToday,2021-12-29,1,0,0,0,0,363,3,1.0,0
966,fishingToday,2021-12-30,0,0,1,0,0,364,3,3.0,1
967,fishingToday,2022-01-02,0,1,0,0,0,2,0,2.0,1
968,fishingToday,2022-01-04,1,0,0,0,0,4,0,1.0,0
969,fishingToday,2022-01-05,0,0,1,0,0,5,0,3.0,1
970,fishingToday,2022-01-06,0,1,0,0,0,6,0,2.0,1
971,fishingToday,2022-01-07,0,1,0,0,0,7,0,2.0,1
972,fishingToday,2022-01-10,0,0,1,0,0,10,1,3.0,1
973,fishingToday,2022-01-13,1,0,0,0,0,13,1,1.0,0
974,fishingToday,2022-01-14,1,0,1,0,0,14,1,2.0,1
975,fishingToday,2022-01-24,0,0,1,0,0,24,3,3.0,1
976,fishingToday,2022-01-31,0,0,2,0,0,31,0,3.0,1
977,fishingToday,2022-02-06,0,0,2,0,0,37,0,3.0,1
978,fishingToday,2022-02-08,0,1,1,0,0,39,1,2.5,1
979,fishingToday,2022-02-09,0,0,1,0,0,40,1,3.0,1
980,fishingToday,2022-02-12,0,0,1,0,0,43,1,3.0,1
981,fishingToday,2022-02-13,0,1,0,0,0,44,1,2.0,1
982,fishingToday,2022-02-14,0,1,0,0,0,45,1,2.0,1
983,fishingToday,2022-02-18,0,2,0,0,0,49,2,2.0,1
984,fishingToday,2022-02-19,0,1,0,0,0,50,2,2.0,1
985,fishingToday,2022-03-01,0,1,0,0,0,60,0,2.0,1
986,fishingToday,2022-03-27,1,0,1,0,0,86,3,2.0,1
987,fishingToday,2022-03-28,0,0,1,0,0,87,3,3.0,1
988,fishingToday,2022-03-29,0,0,1,0,0,88,3,3.0,1
989,fishingToday,2022-04-03,1,0,0,0,0,93,0,1.0,0
990,fishingToday,2022-04-11,0,1,0,0,0,101,1,2.0,1
991,fishingToday,2022-04-12,1,0,0,0,0,102,1,1.0,0
992,fishingToday,2022-04-14,1,0,0,0,0,104,1,1.0,0
993,fishingToday,2022-04-16,0,1,1,0,0,106,2,2.5,1
994,fishingToday,2022-04-21,0,0,1,0,0,111,2,3.0,1
995,fishingToday,2022-04-27,0,0,1,0,0,117,3,3.0,1
996,fishingToday,2022-04-28,0,0,1,0,0,118,3,3.0,1
997,fishingToday,2022-05-01,0,0,1,0,0,121,0,3.0,1
998,fishingToday,2022-05-02,1,0,2,0,0,122,0,2.3333333333333335,1
999,fishingToday,2022-05-03,0,1,0,0,0,123,0,2.0,1
1000,fishingToday,2022-05-04,0,0,1,0,0,124,0,3.0,1
1001,fishingToday,2022-05-05,1,1,1,0,0,125,0,2.0,1
1002,fishingToday,2022-05-07,0,0,1,0,0,127,0,3.0,1
1003,fishingToday,2022-05-08,0,2,1,0,0,128,0,2.3333333333333335,1
1004,fishingToday,2022-05-09,0,1,0,0,0,129,1,2.0,1
1005,fishingToday,2022-05-11,0,1,0,0,0,131,1,2.0,1
1006,fishingToday,2022-05-13,0,0,1,0,0,133,1,3.0,1
1007,fishingToday,2022-05-18,0,1,0,0,0,138,2,2.0,1
1008,fishingToday,2022-05-21,0,1,2,0,0,141,2,2.6666666666666665,1
1009,fishingToday,2022-05-22,1,0,0,0,0,142,3,1.0,0
1010,fishingToday,2022-05-23,1,1,0,0,0,143,3,1.5,0
1011,fishingToday,2022-05-24,0,0,1,0,0,144,3,3.0,1
1012,fishingToday,2022-05-28,0,1,0,0,0,148,3,2.0,1
1013,fishingToday,2022-05-31,0,1,0,0,0,151,0,2.0,1
1014,fishingToday,2022-06-02,1,0,0,0,0,153,0,1.0,0
1015,fishingToday,2022-06-03,1,0,0,0,0,154,0,1.0,0
1016,fishingToday,2022-06-04,0,1,0,0,0,155,0,2.0,1
1017,fishingToday,2022-06-05,0,1,0,0,0,156,0,2.0,1
1018,fishingToday,2022-06-06,0,0,2,0,0,157,0,3.0,1
1019,fishingToday,2022-06-07,1,0,0,0,0,158,1,1.0,0
1020,fishingToday,2022-06-08,0,0,2,0,0,159,1,3.0,1
1021,fishingToday,2022-06-09,0,0,1,0,0,160,1,3.0,1
1022,fishingToday,2022-06-12,1,1,0,0,0,163,1,1.5,0
1023,fishingToday,2022-06-15,1,0,0,0,0,166,2,1.0,0
1024,fishingToday,2022-06-17,0,0,1,0,0,168,2,3.0,1
1025,fishingToday,2022-06-21,0,0,1,0,0,172,3,3.0,1
1026,fishingToday,2022-06-22,1,0,0,0,0,173,3,1.0,0
1027,fishingToday,2022-06-26,0,1,0,0,0,177,3,2.0,1
1028,fishingToday,2022-06-27,2,0,0,0,0,178,0,1.0,0
1029,fishingToday,2022-06-28,0,0,1,0,0,179,0,3.0,1
1030,fishingToday,2022-06-29,0,1,0,0,0,180,0,2.0,1
1031,fishingToday,2022-07-02,0,0,1,0,0,183,0,3.0,1
1032,fishingToday,2022-07-03,0,0,1,0,0,184,0,3.0,1
1033,fishingToday,2022-07-09,0,1,2,0,0,190,1,2.6666666666666665,1
1034,fishingToday,2022-07-12,1,0,0,0,0,193,1,1.0,0
1035,fishingToday,2022-07-13,0,2,0,0,0,194,2,2.0,1
1036,fishingToday,2022-07-16,0,0,1,0,0,197,2,3.0,1
1037,fishingToday,2022-07-18,1,0,0,0,0,199,2,1.0,0
1038,fishingToday,2022-07-20,0,0,1,0,0,201,3,3.0,1
1039,fishingToday,2022-07-21,1,0,0,0,0,202,3,1.0,0
1040,fishingToday,2022-07-23,0,1,1,0,0,204,3,2.5,1
1041,fishingToday,2022-07-27,0,1,0,0,0,208,0,2.0,1
1042,fishingToday,2022-07-29,1,1,0,0,0,210,0,1.5,0
1043,fishingToday,2022-07-30,4,4,1,0,0,211,0,1.6666666666666667,0
1044,fishingToday,2022-08-06,1,0,0,0,0,218,1,1.0,0
1045,fishingToday,2022-08-09,1,0,0,0,0,221,1,1.0,0
1046,fishingToday,2022-08-14,3,0,1,0,0,226,2,1.5,0
1047,fishingToday,2022-08-15,0,0,1,0,0,227,2,3.0,1
1048,fishingToday,2022-08-19,0,1,0,0,0,231,3,2.0,1
1049,fishingToday,2022-08-21,0,0,2,0,0,233,3,3.0,1
1050,fishingToday,2022-08-23,0,0,1,0,0,235,3,3.0,1
1051,fishingToday,2022-08-26,1,0,0,0,0,238,0,1.0,0
1052,fishingToday,2022-08-27,0,2,1,0,0,239,0,2.3333333333333335,1
1053,fishingToday,2022-09-01,0,0,1,0,0,244,0,3.0,1
1054,fishingToday,2022-09-04,1,0,1,0,0,247,1,2.0,1
1055,fishingToday,2022-09-09,0,1,0,0,0,252,1,2.0,1
1056,fishingToday,2022-09-10,1,0,0,0,0,253,2,1.0,0
1057,fishingToday,2022-09-11,0,0,1,0,0,254,2,3.0,1
1058,fishingToday,2022-09-13,0,0,1,0,0,256,2,3.0,1
1059,fishingToday,2022-09-15,1,0,0,0,0,258,2,1.0,0
1060,fishingToday,2022-09-17,1,0,0,0,0,260,3,1.0,0
1061,fishingToday,2022-09-19,1,1,1,0,0,262,3,2.0,1
1062,fishingToday,2022-09-20,0,0,1,0,0,263,3,3.0,1
1063,fishingToday,2022-09-22,1,0,0,0,0,265,3,1.0,0
1064,fishingToday,2022-09-25,0,1,1,0,0,268,0,2.5,1
1065,fishingToday,2022-09-26,0,0,1,0,0,269,0,3.0,1
1066,fishingToday,2022-09-30,1,0,0,0,0,273,0,1.0,0
1067,fishingToday,2022-10-02,1,0,0,0,0,275,0,1.0,0
1068,fishingToday,2022-10-03,0,0,1,0,0,276,1,3.0,1
1069,fishingToday,2022-10-10,0,1,0,0,0,283,2,2.0,1
1070,fishingToday,2022-10-12,1,0,0,0,0,285,2,1.0,0
1071,fishingToday,2022-10-15,0,0,1,0,0,288,2,3.0,1
1072,fishingToday,2022-10-16,0,0,1,0,0,289,3,3.0,1
1073,fishingToday,2022-10-21,0,1,0,0,0,294,3,2.0,1
1074,fishingToday,2022-10-23,1,1,1,0,0,296,3,2.0,1
1075,fishingToday,2022-10-26,0,1,0,0,0,299,0,2.0,1
1076,fishingToday,2022-10-29,1,0,0,0,0,302,0,1.0,0
1077,fishingToday,2022-11-03,2,1,0,0,0,307,1,1.3333333333333333,0
1078,fishingToday,2022-11-10,0,1,0,0,0,314,2,2.0,1
1079,fishingToday,2022-11-27,0,1,0,0,0,331,0,2.0,1
1080,fishingToday,2022-11-28,0,1,0,0,0,332,0,2.0,1
1081,fishingToday,2022-11-29,1,0,0,0,0,333,0,1.0,0
1082,fishingToday,2022-12-02,1,0,0,0,0,336,1,1.0,0
1083,fishingToday,2022-12-03,0,1,0,0,0,337,1,2.0,1
1084,fishingToday,2022-12-04,0,0,1,0,0,338,1,3.0,1
1085,fishingToday,2022-12-05,0,1,0,0,0,339,1,2.0,1
1086,fishingToday,2022-12-09,0,1,0,0,0,343,2,2.0,1
1087,fishingToday,2022-12-13,2,0,1,0,0,347,2,1.6666666666666667,0
1088,fishingToday,2022-12-17,0,1,0,0,0,351,3,2.0,1
1089,fishingToday,2022-12-22,0,0,1,0,0,356,0,3.0,1
1090,fishingToday,2022-12-23,0,0,1,0,0,357,0,3.0,1
1091,fishingToday,2022-12-24,0,0,1,0,0,358,0,3.0,1
1092,fishingToday,2022-12-25,1,0,1,0,0,359,0,2.0,1
1093,fishingToday,2022-12-27,0,2,0,0,0,361,0,2.0,1
1094,fishingToday,2023-01-03,0,1,0,0,0,3,1,2.0,1
1095,fishingToday,2023-01-04,0,0,2,0,0,4,1,3.0,1
1096,fishingToday,2023-01-06,1,0,0,0,0,6,2,1.0,0
1097,fishingToday,2023-01-07,0,0,1,0,0,7,2,3.0,1
1098,fishingToday,2023-01-09,0,1,1,0,0,9,2,2.5,1
1099,fishingToday,2023-01-11,2,0,0,0,0,11,2,1.0,0
1100,fishingToday,2023-01-12,1,0,1,0,0,12,2,2.0,1
1101,fishingToday,2023-01-13,0,0,1,0,0,13,2,3.0,1
1102,fishingToday,2023-01-20,0,1,0,0,0,20,3,2.0,1
1103,fishingToday,2023-01-26,1,0,0,0,0,26,0,1.0,0
1104,fishingToday,2023-01-29,0,0,3,0,0,29,1,3.0,1
1105,fishingToday,2023-01-30,1,0,1,0,0,30,1,2.0,1
1106,fishingToday,2023-01-31,0,0,1,0,0,31,1,3.0,1
1107,fishingToday,2023-02-01,0,0,2,0,0,32,1,3.0,1
1108,fishingToday,2023-02-04,1,0,1,0,0,35,1,2.0,1
1109,fishingToday,2023-02-07,3,0,0,0,0,38,2,1.0,0
1110,fishingToday,2023-02-10,1,1,0,0,0,41,2,1.5,0
1111,fishingToday,2023-02-11,0,0,2,0,0,42,2,3.0,1
1112,fishingToday,2023-02-12,0,2,0,0,0,43,3,2.0,1
1113,fishingToday,2023-02-16,1,0,0,0,0,47,3,1.0,0
1114,fishingToday,2023-02-17,1,0,0,0,0,48,3,1.0,0
1115,fishingToday,2023-02-18,1,1,1,0,0,49,3,2.0,1
1116,fishingToday,2023-02-20,1,1,1,0,0,51,0,2.0,1
1117,fishingToday,2023-02-21,0,1,0,0,0,52,0,2.0,1
1118,fishingToday,2023-02-24,0,1,0,0,0,55,0,2.0,1
1119,fishingToday,2023-02-26,2,0,0,0,0,57,0,1.0,0
1120,fishingToday,2023-03-01,0,0,1,0,0,60,1,3.0,1
1121,fishingToday,2023-03-07,0,1,1,0,0,66,2,2.5,1
1122,fishingToday,2023-03-13,0,1,0,0,0,72,2,2.0,1
1123,fishingToday,2023-03-16,0,1,0,0,0,75,3,2.0,1
1124,fishingToday,2023-03-20,0,1,0,0,0,79,0,2.0,1
1125,fishingToday,2023-03-21,0,0,1,0,0,80,0,3.0,1
1126,fishingToday,2023-03-22,1,0,0,0,0,81,0,1.0,0
1127,fishingToday,2023-03-27,0,1,0,0,0,86,0,2.0,1
1128,fishingToday,2023-04-08,0,0,1,0,0,98,2,3.0,1
1129,fishingToday,2023-04-09,1,1,0,0,0,99,2,1.5,0
1130,fishingToday,2023-04-11,1,0,0,0,0,101,2,1.0,0
1131,fishingToday,2023-04-17,1,0,0,0,0,107,3,1.0,0
1132,fishingToday,2023-04-19,1,0,0,0,0,109,0,1.0,0
1133,fishingToday,2023-04-20,1,0,0,0,0,110,0,1.0,0
1134,fishingToday,2023-04-23,0,0,1,0,0,113,0,3.0,1
1135,fishingToday,2023-04-28,0,1,0,0,0,118,1,2.0,1
1136,fishingToday,2023-04-29,1,1,0,0,0,119,1,1.5,0
1137,fishingToday,2023-05-02,2,0,0,0,0,122,1,1.0,0
1138,fishingToday,2023-05-05,0,0,1,0,0,125,2,3.0,1
1139,fishingToday,2023-05-06,2,1,0,0,0,126,2,1.3333333333333333,0
1140,fishingToday,2023-05-09,0,0,1,0,0,129,2,3.0,1
1141,fishingToday,2023-05-13,1,0,0,0,0,133,3,1.0,0
1142,fishingToday,2023-05-14,0,1,0,0,0,134,3,2.0,1
1143,fishingToday,2023-05-20,1,0,0,0,0,140,0,1.0,0
1144,fishingToday,2023-05-21,0,1,0,0,0,141,0,2.0,1
1145,fishingToday,2023-05-23,0,1,0,0,0,143,0,2.0,1
1146,fishingToday,2023-05-25,1,0,0,0,0,145,0,1.0,0
1147,fishingToday,2023-05-28,0,1,0,0,0,148,1,2.0,1
1148,fishingToday,2023-05-30,1,0,0,0,0,150,1,1.0,0
1149,fishingToday,2023-05-31,0,0,1,0,0,151,1,3.0,1
1150,fishingToday,2023-06-02,1,0,0,0,0,153,1,1.0,0
1151,fishingToday,2023-06-03,0,1,0,0,0,154,2,2.0,1
1152,fishingToday,2023-06-07,0,2,0,0,0,158,2,2.0,1
1153,fishingToday,2023-06-08,0,1,0,0,0,159,2,2.0,1
1154,fishingToday,2023-06-09,1,0,0,0,0,160,2,1.0,0
1155,fishingToday,2023-06-10,2,0,0,0,0,161,3,1.0,0
1156,fishingToday,2023-06-11,0,1,0,0,0,162,3,2.0,1
1157,fishingToday,2023-06-12,0,1,0,0,0,163,3,2.0,1
1158,fishingToday,2023-06-14,0,1,1,0,0,165,3,2.5,1
1159,fishingToday,2023-06-17,0,0,1,0,0,168,0,3.0,1
1160,fishingToday,2023-06-19,0,1,0,0,0,170,0,2.0,1
1161,fishingToday,2023-06-26,0,1,0,0,0,177,1,2.0,1
1162,fishingToday,2023-06-28,0,1,0,0,0,179,1,2.0,1
1163,fishingToday,2023-06-29,1,0,0,0,0,180,1,1.0,0
1164,fishingToday,2023-06-30,1,0,0,0,0,181,1,1.0,0
1165,fishingToday,2023-07-01,0,0,1,0,0,182,1,3.0,1
1166,fishingToday,2023-07-02,0,0,1,0,0,183,1,3.0,1
1167,fishingToday,2023-07-04,0,0,1,0,0,185,2,3.0,1
1168,fishingToday,2023-07-06,1,0,0,0,0,187,2,1.0,0
1169,fishingToday,2023-07-07,1,0,0,0,0,188,2,1.0,0
1170,fishingToday,2023-07-08,0,1,0,0,0,189,2,2.0,1
1171,fishingToday,2023-07-10,0,1,0,0,0,191,3,2.0,1
1172,fishingToday,2023-07-15,0,1,1,0,0,196,3,2.5,1
1173,fishingToday,2023-07-16,0,1,0,0,0,197,0,2.0,1
1174,fishingToday,2023-07-19,0,1,0,0,0,200,0,2.0,1
1175,fishingToday,2023-07-20,1,0,0,0,0,201,0,1.0,0
1176,fishingToday,2023-07-21,1,0,0,0,0,202,0,1.0,0
1177,fishingToday,2023-07-29,0,0,1,0,0,210,1,3.0,1
1178,fishingToday,2023-07-31,0,0,2,0,0,212,1,3.0,1
1179,fishingToday,2023-08-03,1,0,0,0,0,215,2,1.0,0
1180,fishingToday,2023-08-04,1,0,0,0,0,216,2,1.0,0
1181,fishingToday,2023-08-05,0,0,1,0,0,217,2,3.0,1
1182,fishingToday,2023-08-06,1,0,0,0,0,218,2,1.0,0
1183,fishingToday,2023-08-20,1,0,0,0,0,232,0,1.0,0
1184,fishingToday,2023-08-21,1,0,0,0,0,233,0,1.0,0
1185,fishingToday,2023-08-23,0,1,0,0,0,235,0,2.0,1
1186,fishingToday,2023-08-28,1,0,0,0,0,240,1,1.0,0
1187,fishingToday,2023-08-31,1,0,0,0,0,243,2,1.0,0
1188,fishingToday,2023-09-01,0,2,0,0,0,244,2,2.0,1
1189,fishingToday,2023-09-02,0,1,0,0,0,245,2,2.0,1
1190,fishingToday,2023-09-06,0,1,0,0,0,249,3,2.0,1
1191,fishingToday,2023-09-15,1,0,0,0,0,258,0,1.0,0
1192,fishingToday,2023-09-19,0,0,2,0,0,262,0,3.0,1
1193,fishingToday,2023-09-20,1,0,0,0,0,263,0,1.0,0
1194,fishingToday,2023-09-29,0,1,0,0,0,272,2,2.0,1
1195,fishingToday,2023-10-01,2,0,0,0,0,274,2,1.0,0
1196,fishingToday,2023-10-04,0,1,2,0,0,277,2,2.6666666666666665,1
1197,fishingToday,2023-10-05,1,0,0,0,0,278,3,1.0,0
1198,fishingToday,2023-10-06,1,2,0,0,0,279,3,1.6666666666666667,0
1199,fishingToday,2023-10-08,0,1,0,0,0,281,3,2.0,1
1200,fishingToday,2023-10-11,1,0,0,0,0,284,3,1.0,0
1201,fishingToday,2023-10-15,1,0,0,0,0,288,0,1.0,0
1202,fishingToday,2023-10-18,2,0,0,0,0,291,0,1.0,0
1203,fishingToday,2023-10-19,1,0,2,0,0,292,0,2.3333333333333335,1
1204,fishingToday,2023-10-20,0,1,0,0,0,293,0,2.0,1
1205,fishingToday,2023-10-21,0,1,0,0,0,294,0,2.0,1
1206,fishingToday,2023-10-25,0,0,1,0,0,298,1,3.0,1
1207,fishingToday,2023-10-26,1,0,0,0,0,299,1,1.0,0
1208,fishingToday,2023-10-28,0,1,0,0,0,301,2,2.0,1
1209,fishingToday,2023-10-29,0,0,1,0,0,302,2,3.0,1
1210,fishingToday,2023-11-01,1,0,1,0,0,305,2,2.0,1
1211,fishingToday,2023-11-08,0,0,1,0,0,312,3,3.0,1
1212,fishingToday,2023-11-09,0,1,0,0,0,313,3,2.0,1
1213,fishingToday,2023-11-10,0,0,1,0,0,314,3,3.0,1
1214,fishingToday,2023-11-11,0,1,0,0,0,315,3,2.0,1
1215,fishingToday,2023-11-17,0,0,1,0,0,321,0,3.0,1
1216,fishingToday,2023-11-20,0,1,0,0,0,324,1,2.0,1
1217,fishingToday,2023-11-24,0,1,0,0,0,328,1,2.0,1
1218,fishingToday,2023-12-01,0,0,1,0,0,335,2,3.0,1
1219,fishingToday,2023-12-05,0,0,1,0,0,339,3,3.0,1
1220,fishingToday,2023-12-15,0,1,0,0,0,349,0,2.0,1
1221,fishingToday,2023-12-18,0,0,1,0,0,352,0,3.0,1
1222,fishingToday,2023-12-19,1,0,0,0,0,353,1,1.0,0
1223,fishingToday,2023-12-21,1,0,0,0,0,355,1,1.0,0
1224,fishingToday,2023-12-23,1,0,0,0,0,357,1,1.0,0
1225,fishingToday,2023-12-26,1,0,0,0,0,360,2,1.0,0
1226,fishingToday,2024-01-10,1,0,0,0,0,10,0,1.0,0
1227,fishingToday,2024-01-11,1,0,0,0,0,11,0,1.0,0
1228,fishingToday,2024-01-23,0,1,0,0,0,23,1,2.0,1
1229,fishingToday,2024-02-01,0,0,1,0,0,32,2,3.0,1
1230,fishingToday,2024-02-02,1,0,0,0,0,33,3,1.0,0
1231,fishingToday,2024-02-12,1,0,0,0,0,43,0,1.0,0
1232,fishingToday,2024-02-13,0,0,1,0,0,44,0,3.0,1
1233,fishingToday,2024-02-14,0,0,1,0,0,45,0,3.0,1
1234,fishingToday,2024-02-15,1,0,0,0,0,46,0,1.0,0
1235,fishingToday,2024-02-19,1,0,0,0,0,50,1,1.0,0
1236,fishingToday,2024-02-23,0,1,0,0,0,54,1,2.0,1
1237,fishingToday,2024-02-24,0,1,0,0,0,55,2,2.0,1
1238,fishingToday,2024-02-26,0,0,1,0,0,57,2,3.0,1
1239,fishingToday,2024-03-05,1,0,0,0,0,65,3,1.0,0
1240,fishingToday,2024-03-06,0,1,0,0,0,66,3,2.0,1
1241,fishingToday,2024-03-09,0,1,0,0,0,69,0,2.0,1
1242,fishingToday,2024-03-13,0,1,0,0,0,73,0,2.0,1
1243,fishingToday,2024-03-17,0,2,0,0,0,77,1,2.0,1
1244,fishingToday,2024-03-18,1,0,0,0,0,78,1,1.0,0
1245,fishingToday,2024-03-21,0,1,0,0,0,81,1,2.0,1
1246,fishingToday,2024-03-22,1,0,0,0,0,82,1,1.0,0
1247,fishingToday,2024-03-25,1,0,0,0,0,85,2,1.0,0
1248,fishingToday,2024-03-26,0,1,0,0,0,86,2,2.0,1
1249,fishingToday,2024-03-27,1,0,0,0,0,87,2,1.0,0
1250,fishingToday,2024-03-31,0,2,0,0,0,91,2,2.0,1
1251,fishingToday,2024-04-02,0,0,1,0,0,93,3,3.0,1
1252,fishingToday,2024-04-03,0,0,1,0,0,94,3,3.0,1
1253,fishingToday,2024-04-08,0,0,1,0,0,99,0,3.0,1
1254,fishingToday,2024-04-10,1,0,0,0,0,101,0,1.0,0
1255,fishingToday,2024-04-15,0,1,0,0,0,106,1,2.0,1
1256,fishingToday,2024-04-16,0,1,0,0,0,107,1,2.0,1
1257,fishingToday,2024-04-18,1,0,0,0,0,109,1,1.0,0
1258,fishingToday,2024-04-20,0,1,0,0,0,111,1,2.0,1
1259,fishingToday,2024-04-26,1,0,0,0,0,117,2,1.0,0
1260,fishingToday,2024-04-29,1,0,0,0,0,120,2,1.0,0
1261,fishingToday,2024-05-02,0,1,0,0,0,123,3,2.0,1
1262,fishingToday,2024-05-03,0,0,1,0,0,124,3,3.0,1
1263,fishingToday,2024-05-05,1,0,1,0,0,126,3,2.0,1
1264,fishingToday,2024-05-10,1,0,0,0,0,131,0,1.0,0
1265,fishingToday,2024-05-15,1,1,0,0,0,136,1,1.5,0
1266,fishingToday,2024-05-16,0,1,0,0,0,137,1,2.0,1
1267,fishingToday,2024-05-18,0,1,0,0,0,139,1,2.0,1
1268,fishingToday,2024-06-01,0,1,0,0,0,153,3,2.0,1
1269,fishingToday,2024-06-06,0,0,1,0,0,158,0,3.0,1
1270,fishingToday,2024-06-10,0,1,0,0,0,162,0,2.0,1
1271,fishingToday,2024-06-12,1,0,0,0,0,164,0,1.0,0
1272,fishingToday,2024-06-27,0,0,1,0,0,179,2,3.0,1
1273,fishingToday,2024-06-28,1,0,0,0,0,180,3,1.0,0
1274,fishingToday,2024-06-30,1,0,0,0,0,182,3,1.0,0
1275,fishingToday,2024-07-02,0,0,1,0,0,184,3,3.0,1
1276,fishingToday,2024-07-13,0,0,1,0,0,195,1,3.0,1
1277,fishingToday,2024-07-21,1,0,0,0,0,203,2,1.0,0
1278,fishingToday,2024-07-25,1,0,1,0,0,207,2,2.0,1
1279,fishingToday,2024-07-27,0,0,1,0,0,209,3,3.0,1
1280,fishingToday,2024-07-29,0,1,0,0,0,211,3,2.0,1
1281,fishingToday,2024-07-30,0,0,1,0,0,212,3,3.0,1
1282,fishingToday,2024-08-02,1,0,0,0,0,215,3,1.0,0
1283,fishingToday,2024-08-04,0,0,1,0,0,217,0,3.0,1
1284,fishingToday,2024-08-10,0,0,1,0,0,223,0,3.0,1
1285,fishingToday,2024-08-13,0,0,1,0,0,226,1,3.0,1
1286,fishingToday,2024-08-14,0,0,1,0,0,227,1,3.0,1
1287,fishingToday,2024-08-15,0,1,0,0,0,228,1,2.0,1
1288,fishingToday,2024-08-20,1,0,0,0,0,233,2,1.0,0
1289,fishingToday,2024-08-26,1,0,0,0,0,239,3,1.0,0
1290,fishingToday,2024-08-28,1,1,0,0,0,241,3,1.5,0
1291,fishingToday,2024-08-29,1,0,0,0,0,242,3,1.0,0
1292,fishingToday,2024-09-01,1,0,0,0,0,245,0,1.0,0
1293,fishingToday,2024-09-02,0,1,0,0,0,246,0,2.0,1
1294,fishingToday,2024-09-03,1,0,0,0,0,247,0,1.0,0
1295,fishingToday,2024-09-05,1,0,0,0,0,249,0,1.0,0
1296,fishingToday,2024-09-09,0,1,0,0,0,253,0,2.0,1
1297,fishingToday,2024-09-12,0,0,1,0,0,256,1,3.0,1
1298,fishingToday,2024-10-10,1,0,0,0,0,284,1,1.0,0
1299,fishingToday,2024-10-20,1,0,0,0,0,294,2,1.0,0
1300,fishingToday,2024-10-29,1,0,0,0,0,303,3,1.0,0
1301,fishingToday,2024-11-05,0,1,1,0,0,310,0,2.5,1
1302,fishingToday,2024-11-09,2,0,0,0,0,314,1,1.0,0
1303,fishingToday,2024-11-10,0,1,0,0,0,315,1,2.0,1
1304,fishingToday,2024-11-11,0,1,0,0,0,316,1,2.0,1
1305,fishingToday,2024-11-24,1,0,0,0,0,329,3,1.0,0
1306,fishingToday,2024-12-04,0,1,0,0,0,339,0,2.0,1
1307,fishingToday,2024-12-14,0,0,1,0,0,349,1,3.0,1
1308,fishingToday,2024-12-17,0,1,0,0,0,352,2,2.0,1
1309,fishingToday,2024-12-28,1,0,0,0,0,363,3,1.0,0
1310,fishingToday,2025-01-01,1,0,0,0,0,1,0,1.0,0
1311,fishingToday,2025-01-03,0,0,1,0,0,3,0,3.0,1
1312,fishingToday,2025-01-08,0,1,0,0,0,8,1,2.0,1
1313,fishingToday,2025-01-22,1,0,0,0,0,22,3,1.0,0
1314,fishingToday,2025-02-02,1,0,0,0,0,33,0,1.0,0
1315,fishingToday,2025-02-28,1,0,0,0,0,59,0,1.0,0
1316,fishingToday,2025-03-03,1,0,0,0,0,62,0,1.0,0
1339,fishingToday,2025-05-24,0,2,0,0,0,144,3,2.0,1
1355,fishingToday,2025-08-09,0,3,0,0,0,221,2,2.0,1
1356,fishingToday,2025-08-10,1,0,0,0,0,222,2,1.0,0
1357,fishingToday,2025-08-13,1,0,0,0,0,225,2,1.0,0
1358,fishingToday,2025-08-14,0,1,0,0,0,226,2,2.0,1
1359,fishingToday,2025-08-19,1,0,0,0,0,231,3,1.0,0
1360,fishingToday,2025-08-20,0,0,1,0,0,232,3,3.0,1
1361,fishingToday,2025-08-22,0,1,0,0,0,234,0,2.0,1
1362,fishingToday,2025-08-23,0,0,1,0,0,235,0,3.0,1
1363,fishingToday,2025-08-24,0,1,0,0,0,236,0,2.0,1
1364,fishingToday,2025-08-25,1,0,0,0,0,237,0,1.0,0
1365,fishingToday,2025-08-26,1,0,0,0,0,238,0,1.0,0
